{
  "checkpoint": "results/v2_full/best_model.pt",
  "config": {
    "n_programs": 5123,
    "n_assays": 100,
    "n_rounds": 20,
    "use_l1": true,
    "use_l2": true,
    "use_l3": true
  },
  "n_shots": [
    5,
    10,
    25,
    50,
    100
  ],
  "n_trials": 3,
  "results": {
    "egfr": {
      "n_shots": [
        5,
        10,
        25,
        50,
        100
      ],
      "aucs": [
        [
          0.6486919966975808,
          0.6487176531501971,
          0.6487271995653388
        ],
        [
          0.6488079501922915,
          0.6487334800716206,
          0.6487809556985664
        ],
        [
          0.6487498161858073,
          0.6487354218050942,
          0.6485359544275132
        ],
        [
          0.6490558736093617,
          0.6485056632295093,
          0.6486881782957569
        ],
        [
          0.6484631300344063,
          0.6477659813605487,
          0.6491314669480422
        ]
      ],
      "mean_auc": [
        0.6487122831377056,
        0.6487741286541595,
        0.6486737308061383,
        0.648749905044876,
        0.6484535261143324
      ],
      "std_auc": [
        1.4864684102828565e-05,
        3.078317851995914e-05,
        9.759968384272528e-05,
        0.00022882381751313874,
        0.000557498519503986
      ]
    },
    "drd2": {
      "n_shots": [
        5,
        10,
        25,
        50,
        100
      ],
      "aucs": [
        [
          0.5511067810817247,
          0.551133799894289,
          0.5512120186913643
        ],
        [
          0.5508647739431712,
          0.5513394729452743,
          0.5511494104350882
        ],
        [
          0.5507576962133529,
          0.5510960622693295,
          0.5512458552693184
        ],
        [
          0.5509404380497067,
          0.5510863385450994,
          0.5511743972605606
        ],
        [
          0.550872377011135,
          0.550189587961567,
          0.5510155576253062
        ]
      ],
      "mean_auc": [
        0.5511508665557926,
        0.5511178857745113,
        0.5510332045840003,
        0.5510670579517889,
        0.5506925075326694
      ],
      "std_auc": [
        4.4625790912292385e-05,
        0.00019507287325130847,
        0.0002041864057407364,
        9.648154934026547e-05,
        0.0003603898290434577
      ]
    },
    "bace1": {
      "n_shots": [
        5,
        10,
        25,
        50,
        100
      ],
      "aucs": [
        [
          0.6351340053615869,
          0.636012925907627,
          0.6365828232506222
        ],
        [
          0.6351604727044673,
          0.6342336760026474,
          0.6357283770075345
        ],
        [
          0.6333104743517448,
          0.6344222213195447,
          0.6350490910568017
        ],
        [
          0.6328918695129349,
          0.6357743202032796,
          0.635679183136955
        ],
        [
          0.6281933066106126,
          0.6367767324557788,
          0.635070668529087
        ]
      ],
      "mean_auc": [
        0.6359099181732787,
        0.6350408419048831,
        0.6342605955760304,
        0.6347817909510565,
        0.6333469025318261
      ],
      "std_auc": [
        0.0005959453352441207,
        0.0006160445977684446,
        0.0007189293764576442,
        0.0013369405489278025,
        0.003710105723547651
      ]
    }
  }
}