{
  "egfr": {
    "name": "egfr",
    "n_total": 205632,
    "n_actives": 4032,
    "baseline_rate": 0.0196078431372549,
    "roc_auc": 0.8858826830790187,
    "partial_auc_10": 0.48962813243063413,
    "partial_auc_5": 0.38535431823192234,
    "bedroc_20": 0.470002139503017,
    "bedroc_80": 0.43183636316870405,
    "rie_20": 8.306298491300927,
    "average_precision": 0.3005624391822509,
    "ap_lift": 15.328684398294795,
    "best_f1": 0.333816361430895,
    "ef_0.1%_ef": 47.76585365853659,
    "ef_0.1%_hits": 192,
    "ef_0.1%_hitrate": 0.9365853658536586,
    "ef_0.5%_ef": 32.5943579766537,
    "ef_0.5%_hits": 657,
    "ef_0.5%_hitrate": 0.6391050583657587,
    "ef_1%_ef": 23.788424124513618,
    "ef_1%_hits": 959,
    "ef_1%_hitrate": 0.4664396887159533,
    "ef_2%_ef": 16.71887159533074,
    "ef_2%_hits": 1348,
    "ef_2%_hitrate": 0.32782101167315175,
    "ef_5%_ef": 9.514444120221768,
    "ef_5%_hits": 1918,
    "ef_5%_hitrate": 0.18655772784748564,
    "ef_10%_ef": 6.282303165880465,
    "ef_10%_hits": 2533,
    "ef_10%_hitrate": 0.12318241501726401,
    "ef_20%_ef": 3.9608520157564557,
    "ef_20%_hits": 3194,
    "ef_20%_hitrate": 0.07766376501483246,
    "auac": 0.8783141517843635,
    "recovery_0.1%": 4.761904761904762,
    "recovery_0.5%": 16.294642857142858,
    "recovery_1%": 23.78472222222222,
    "recovery_2%": 33.432539682539684,
    "recovery_5%": 47.56944444444444,
    "recovery_10%": 62.82242063492064,
    "recovery_20%": 79.21626984126983
  },
  "drd2": {
    "name": "drd2",
    "n_total": 164373,
    "n_actives": 3223,
    "baseline_rate": 0.0196078431372549,
    "roc_auc": 0.8839783257726497,
    "partial_auc_10": 0.4329791814938569,
    "partial_auc_5": 0.2955492966749518,
    "bedroc_20": 0.39581099031646405,
    "bedroc_80": 0.27816948685177356,
    "rie_20": 7.153043774437438,
    "average_precision": 0.17509892973311786,
    "ap_lift": 8.93004541638901,
    "best_f1": 0.24725592138595492,
    "ef_0.1%_ef": 23.323170731707318,
    "ef_0.1%_hits": 75,
    "ef_0.1%_hitrate": 0.4573170731707317,
    "ef_0.5%_ef": 16.1510353227771,
    "ef_0.5%_hits": 260,
    "ef_0.5%_hitrate": 0.3166869671132765,
    "ef_1%_ef": 14.433962264150944,
    "ef_1%_hits": 465,
    "ef_1%_hitrate": 0.2830188679245283,
    "ef_2%_ef": 11.714329175540007,
    "ef_2%_hits": 755,
    "ef_2%_hitrate": 0.22969272893215698,
    "ef_5%_ef": 8.502068629836945,
    "ef_5%_hits": 1370,
    "ef_5%_hitrate": 0.1667072280360185,
    "ef_10%_ef": 6.140354079211535,
    "ef_10%_hits": 1979,
    "ef_10%_hitrate": 0.12039909959238304,
    "ef_20%_ef": 4.0366855265559405,
    "ef_20%_hits": 2602,
    "ef_20%_hitrate": 0.0791506965991361,
    "auac": 0.8764451919428109,
    "recovery_0.1%": 2.327024511324853,
    "recovery_0.5%": 8.067018305926156,
    "recovery_1%": 14.427551970214086,
    "recovery_2%": 23.425380080670184,
    "recovery_5%": 42.50698107353397,
    "recovery_10%": 61.40242010549177,
    "recovery_20%": 80.73223704623021
  },
  "adrb2": {
    "name": "adrb2",
    "n_total": 15702,
    "n_actives": 447,
    "baseline_rate": 0.0284677111196026,
    "roc_auc": 0.68752204323664,
    "partial_auc_10": 0.16848988522485384,
    "partial_auc_5": 0.09657449019172208,
    "bedroc_20": 0.1405815420907181,
    "bedroc_80": 0.08984871240649922,
    "rie_20": 3.003989995667236,
    "average_precision": 0.06782084653777386,
    "ap_lift": 2.382377924689318,
    "best_f1": 0.13443830567633455,
    "ef_0.1%_ef": 9.367337807606264,
    "ef_0.1%_hits": 4,
    "ef_0.1%_hitrate": 0.26666666666666666,
    "ef_0.5%_ef": 3.1524694544828775,
    "ef_0.5%_hits": 7,
    "ef_0.5%_hitrate": 0.08974358974358974,
    "ef_1%_ef": 4.251100756636601,
    "ef_1%_hits": 19,
    "ef_1%_hitrate": 0.12101910828025478,
    "ef_2%_ef": 4.139229684093532,
    "ef_2%_hits": 37,
    "ef_2%_hitrate": 0.1178343949044586,
    "ef_5%_ef": 3.266635318257598,
    "ef_5%_hits": 73,
    "ef_5%_hitrate": 0.0929936305732484,
    "ef_10%_ef": 2.8862736716111654,
    "ef_10%_hits": 129,
    "ef_10%_hitrate": 0.0821656050955414,
    "ef_20%_ef": 2.2597956653699827,
    "ef_20%_hits": 202,
    "ef_20%_hitrate": 0.0643312101910828,
    "auac": 0.6822171301793443,
    "recovery_0.1%": 0.8948545861297539,
    "recovery_0.5%": 1.5659955257270695,
    "recovery_1%": 4.250559284116331,
    "recovery_2%": 8.277404921700224,
    "recovery_5%": 16.331096196868007,
    "recovery_10%": 28.859060402684566,
    "recovery_20%": 45.19015659955257
  },
  "bace1": {
    "name": "bace1",
    "n_total": 18706,
    "n_actives": 485,
    "baseline_rate": 0.025927509889874908,
    "roc_auc": 0.8570403358082919,
    "partial_auc_10": 0.3729134334066787,
    "partial_auc_5": 0.24790699753371684,
    "bedroc_20": 0.3537963956054224,
    "bedroc_80": 0.2695574471459211,
    "rie_20": 6.170050048078407,
    "average_precision": 0.17364836798761513,
    "ap_lift": 6.697456436239852,
    "best_f1": 0.251063829742103,
    "ef_0.1%_ef": 14.999083619702176,
    "ef_0.1%_hits": 7,
    "ef_0.1%_hitrate": 0.3888888888888889,
    "ef_0.5%_ef": 14.929963418689724,
    "ef_0.5%_hits": 36,
    "ef_0.5%_hitrate": 0.3870967741935484,
    "ef_1%_ef": 12.168851645625447,
    "ef_1%_hits": 59,
    "ef_1%_hitrate": 0.3155080213903743,
    "ef_2%_ef": 9.693830971938915,
    "ef_2%_hits": 94,
    "ef_2%_hitrate": 0.25133689839572193,
    "ef_5%_ef": 7.301310987375269,
    "ef_5%_hits": 177,
    "ef_5%_hitrate": 0.1893048128342246,
    "ef_10%_ef": 5.44504548211037,
    "ef_10%_hits": 264,
    "ef_10%_hitrate": 0.1411764705882353,
    "ef_20%_ef": 3.6599894730170277,
    "ef_20%_hits": 355,
    "ef_20%_hitrate": 0.09489441325848703,
    "auac": 0.8477726425503257,
    "recovery_0.1%": 1.443298969072165,
    "recovery_0.5%": 7.422680412371134,
    "recovery_1%": 12.164948453608247,
    "recovery_2%": 19.381443298969074,
    "recovery_5%": 36.49484536082474,
    "recovery_10%": 54.43298969072165,
    "recovery_20%": 73.19587628865979
  },
  "esr1": {
    "name": "esr1",
    "n_total": 21445,
    "n_actives": 627,
    "baseline_rate": 0.029237584518535788,
    "roc_auc": 0.6800622483027892,
    "partial_auc_10": 0.1951396036095006,
    "partial_auc_5": 0.12552702904170007,
    "bedroc_20": 0.17385187789261677,
    "bedroc_80": 0.1321373932884528,
    "rie_20": 3.45969544800946,
    "average_precision": 0.07900341898100008,
    "ap_lift": 2.702118532771207,
    "best_f1": 0.15493670881742305,
    "ef_0.1%_ef": 8.14346472241209,
    "ef_0.1%_hits": 5,
    "ef_0.1%_hitrate": 0.23809523809523808,
    "ef_0.5%_ef": 5.7537003085453655,
    "ef_0.5%_hits": 18,
    "ef_0.5%_hitrate": 0.16822429906542055,
    "ef_1%_ef": 5.593875299974661,
    "ef_1%_hits": 35,
    "ef_1%_hitrate": 0.16355140186915887,
    "ef_2%_ef": 4.475100239979728,
    "ef_2%_hits": 56,
    "ef_2%_hitrate": 0.1308411214953271,
    "ef_5%_ef": 4.020076055131044,
    "ef_5%_hits": 126,
    "ef_5%_hitrate": 0.11753731343283583,
    "ef_10%_ef": 2.9831516758313694,
    "ef_10%_hits": 187,
    "ef_10%_hitrate": 0.08722014925373134,
    "ef_20%_ef": 2.3285486443381185,
    "ef_20%_hits": 292,
    "ef_20%_hitrate": 0.06808113779435766,
    "auac": 0.674789407865453,
    "recovery_0.1%": 0.7974481658692184,
    "recovery_0.5%": 2.8708133971291865,
    "recovery_1%": 5.582137161084529,
    "recovery_2%": 8.931419457735247,
    "recovery_5%": 20.095693779904305,
    "recovery_10%": 29.82456140350877,
    "recovery_20%": 46.57097288676236
  },
  "hdac2": {
    "name": "hdac2",
    "n_total": 10604,
    "n_actives": 238,
    "baseline_rate": 0.022444360618634477,
    "roc_auc": 0.890687598597224,
    "partial_auc_10": 0.48199551863963797,
    "partial_auc_5": 0.35700909729124136,
    "bedroc_20": 0.45676394390040836,
    "bedroc_80": 0.3798323766686765,
    "rie_20": 7.909828588887957,
    "average_precision": 0.25596072316849855,
    "ap_lift": 11.404233228902347,
    "best_f1": 0.33333333328372156,
    "ef_0.1%_ef": 40.09915966386555,
    "ef_0.1%_hits": 9,
    "ef_0.1%_hitrate": 0.9,