{
  "checkpoint": "checkpoints/pretrain/best_model.pt",
  "config": {
    "data_path": "/tmp/nest_train_split.parquet",
    "batch_size": 512,
    "num_workers": 4,
    "max_samples": null,
    "num_epochs": 100,
    "learning_rate": 0.0001,
    "weight_decay": 1e-05,
    "warmup_ratio": 0.1,
    "gradient_clip": 1.0,
    "use_amp": true,
    "checkpoint_dir": "checkpoints/pretrain",
    "save_every": 10,
    "log_every": 50,
    "log_gradients": true,
    "validate_every": 1
  },
  "n_shots": [
    5,
    10,
    25,
    50,
    100
  ],
  "n_trials": 3,
  "results": {
    "egfr": {
      "n_shots": [
        5,
        10,
        25,
        50,
        100
      ],
      "aucs": [
        [
          0.9425561904920747,
          0.9425391984890205,
          0.94254551390456
        ],
        [
          0.9425344055534236,
          0.9425268370556513,
          0.94248058985269
        ],
        [
          0.9424908877528322,
          0.942491262886996,
          0.9424121380539532
        ],
        [
          0.9425254945941928,
          0.9423200470088606,
          0.9422736474392768
        ],
        [
          0.9425732047790099,
          0.9423756225561595,
          0.9425221078432611
        ]
      ],
      "mean_auc": [
        0.9425469676285516,
        0.9425139441539216,
        0.9424647628979271,
        0.94237306301411,
        0.9424903117261435
      ],
      "std_auc": [
        7.012704044908878e-06,
        2.3786587223619698e-05,
        3.721169918069631e-05,
        0.00010943725742566239,
        8.373740102025872e-05
      ]
    },
    "drd2": {
      "n_shots": [
        5,
        10,
        25,
        50,
        100
      ],
      "aucs": [
        [
          0.9596710716529615,
          0.959545913671201,
          0.95955894869108
        ],
        [
          0.9596316256012976,
          0.9595453250322237,
          0.9595677956480401
        ],
        [
          0.9595367440181533,
          0.9596740883921341,
          0.9595691517827036
        ],
        [
          0.9594959087020509,
          0.9596715331465854,
          0.9594789309942302
        ],
        [
          0.9595374435478508,
          0.9595440176403989,
          0.9593311355405305
        ]
      ],
      "mean_auc": [
        0.9595919780050809,
        0.9595815820938537,
        0.9595933280643303,
        0.9595487909476222,
        0.95947086557626
      ],
      "std_auc": [
        5.618025624192698e-05,
        3.65558624732935e-05,
        5.8618760995755764e-05,
        8.7068157958594e-05,
        9.88405005954565e-05
      ]
    },
    "bace1": {
      "n_shots": [
        5,
        10,
        25,
        50,
        100
      ],
      "aucs": [
        [
          0.6743374643170839,
          0.6714517228443859,
          0.6727250997291758
        ],
        [
          0.6742204393527337,
          0.6722119944856926,
          0.6735423067030049
        ],
        [
          0.6731758413220297,
          0.674123433721697,
          0.6710587969644547
        ],
        [
          0.6742647909989202,
          0.6759492990283242,
          0.6713851868298419
        ],
        [
          0.6770834154532626,
          0.680469026034944,
          0.6665118392451322
        ]
      ],
      "mean_auc": [
        0.6728380956302152,
        0.6733249135138104,
        0.6727860240027271,
        0.6738664256190289,
        0.6746880935777796
      ],
      "std_auc": [
        0.0011808053796882267,
        0.0008342292031238781,
        0.001281136935247066,
        0.0018844630131694905,
        0.005944405826029443
      ]
    }
  }
}