{
  "train_loss": [
    12.131725522314953,
    1.7537228867821002,
    1.2061891054176295,
    1.0241653933379307,
    0.8726709106568831,
    0.8241221682145266,
    0.7871699709582984,
    0.7570542114329126,
    0.7347890670093665,
    0.7119930239717125,
    0.6909226938740475,
    0.6643842280071103,
    0.6407481392930544,
    0.6201607969902537,
    0.6028649541519565,
    0.5855345068527533,
    0.5692785253482425,
    0.5556671391634674,
    0.5412402511061629,
    0.5293197093042453,
    0.517668933039533,
    0.5065631962122934,
    0.49586719574945026,
    0.48628203745987564,
    0.4764178501404753,
    0.4681095379402607,
    0.4599788233505451,
    0.45142191329590425,
    0.4441197241874451,
    0.43533298896502126,
    0.42869478729460214,
    0.42203989810895337,
    0.41440125585735105,
    0.40778528900339545,
    0.4021774723039287,
    0.396055634671611,
    0.3904985423005334,
    0.38464078441049854,
    0.3788393530144324,
    0.37329114392088897,
    0.36841993591025013,
    0.3627925992683053,
    0.35771831143951394,
    0.35251726297843655,
    0.34783925739072913,
    0.34303185348051735,
    0.3384822423646234,
    0.334138249743332,
    0.3298829107140736,
    0.32565958625864966,
    0.321233736969449,
    0.3172592485069219,
    0.3135711312250913,
    0.31002472532519476,
    0.305834863026313,
    0.30226873463772713,
    0.2990523599576073,
    0.2954528315196326,
    0.29209302218338107,
    0.28885997000114405,
    0.28563510516204016,
    0.2825368633449533,
    0.27974733107901634,
    0.2764017890397735,
    0.27367343619524315,
    0.2714355989530347,
    0.26820510384822727,
    0.2653959297925769,
    0.26302529144104886,
    0.2607509914729448,
    0.2582560473638634,
    0.2560879005993774,
    0.2540756079701692,
    0.25204249614712326,
    0.24965667837576244,
    0.24824250297244976,
    0.24614601785906137,
    0.24426156555453846,
    0.24266081116362512,
    0.24120455742978134,
    0.23974001192155148,
    0.23788014073690533,
    0.23680188827427476,
    0.23566069136139184,
    0.2346186217530851,
    0.2332588824309044,
    0.23245718504212362,
    0.23165084908592679,
    0.23039690223675427,
    0.2301077671784602,
    0.22922314910621738,
    0.22832375355765142,
    0.228307421330922,
    0.22781410433184235,
    0.22704707838377905,
    0.22702968623231348,
    0.22653941644836226,
    0.2268942204500077,
    0.2264299767922577,
    0.22627047326995234
  ],
  "val_loss": [
    3.262382779422746,
    1.1519715090223404,
    1.020861053112271,
    0.7930985353471621,
    0.7387865736360444,
    0.7184394896030426,
    0.6986898952700391,
    0.6900454244427522,
    0.6734092768461731,
    0.6592762631443797,
    0.6394001570111314,
    0.6266951022538111,
    0.606994337419595,
    0.602093513958073,
    0.5906700003878335,
    0.59140546320761,
    0.5754633936407841,
    0.5700532314834985,
    0.564653105009001,
    0.5576625248091814,
    0.555101292560978,
    0.5583324485551913,
    0.5471693113944788,
    0.53652658321822,
    0.5255092259454904,
    0.5455147837285216,
    0.5237490123754097,
    0.5205433789128264,
    0.5187010418859113,
    0.5158815286416547,
    0.5174997996774304,
    0.5099142836372206,
    0.5072821477310365,
    0.507606622676424,
    0.5041315415977988,
    0.5011474380484301,
    0.499181583246777,
    0.4962921864924378,
    0.4970100759130428,
    0.49352226137671773,
    0.4967864424433407,
    0.48809590946786025,
    0.4901619436129318,
    0.48702116958713887,
    0.48474614698869145,
    0.4896499895694974,
    0.4859266271710839,
    0.4834116274650212,
    0.48183455581337103,
    0.4812257098220981,
    0.48024179866765954,
    0.47887628229134144,
    0.480142090954302,
    0.47855094313399943,
    0.48012690600630964,
    0.47464277797472076,
    0.4809279845106557,
    0.47277317165663696,
    0.47587149831220565,
    0.4734771975686559,
    0.4713507952189357,
    0.4753538354621944,
    0.4708974008001803,
    0.47323365210378926,
    0.4709640385160659,
    0.46638091179961166,
    0.46933030838416856,
    0.46800420275408094,
    0.4671354053410456,
    0.4677461375201945,
    0.4671155783766707,
    0.4654616784429018,
    0.4676492612490424,
    0.464332379982374,
    0.4665671867287292,
    0.4655631194548979,
    0.46365013463789645,
    0.4642767452506771,
    0.46422388080549065,
    0.4635544550573959,
    0.4650907700943681,
    0.46447031194392635,
    0.46438114649744283,
    0.4647460306776501,
    0.4640399753825815,
    0.46353854776315084,
    0.46340986017179314,
    0.4630372705955931,
    0.4635653524039846,
    0.46349663229236815,
    0.4636919387654301,
    0.4635401098923169,
    0.4632637364492097,
    0.4631131048206946,
    0.4634836216952278,
    0.4631842925424469,
    0.46356315567369355,
    0.463443663594448,
    0.4634141274987543,
    0.4634143875766421
  ],
  "val_auc": [
    0.5054653544208085,
    0.8063920043659634,
    0.8347599452668237,
    0.8734161236016782,
    0.8819635014719808,
    0.8866054580305919,
    0.8906138300924892,
    0.89400070989498,
    0.8961196346690584,
    0.8967576601421204,
    0.9017051558101936,
    0.9037757692347084,
    0.9068207816293028,
    0.9081244017160539,
    0.9096281855959543,
    0.910922993672459,
    0.9131639118990881,
    0.9135153461260243,
    0.9140730010778875,
    0.9167021183636098,
    0.9171592555708857,
    0.918516128974039,
    0.9191863827254441,
    0.919722651006188,
    0.9208503222621383,
    0.9202806747646955,
    0.9218460084225972,
    0.921915188468273,
    0.922666793939561,
    0.9234059331976967,
    0.9228827264321345,
    0.9238633365660607,
    0.9253234934471535,
    0.9248575612141476,
    0.9251326671293236,
    0.9258061102775487,
    0.9261131510925557,
    0.9261212344564939,
    0.926982517179494,
    0.9267999643255949,
    0.9271469480817326,
    0.9277989092978545,
    0.9278342204241874,
    0.9279668235028948,
    0.928512490128934,
    0.9282455359377378,
    0.9284679763484747,
    0.9287174054724481,
    0.9289162259063838,
    0.9290963942818546,
    0.9293957111506115,
    0.9297198529473977,
    0.9297430831242699,
    0.9296859515359363,
    0.929946823476821,
    0.9300581257564369,
    0.9299317372173808,
    0.9304675248679554,
    0.930451711755603,
    0.9304788446789893,
    0.9305329066060694,
    0.9307894967608882,
    0.9308475995259864,
    0.9309113177309264,
    0.9311612806539906,
    0.9312668568306729,
    0.931268345349481,
    0.931268629128049,
    0.9313745750608207,
    0.9316580808216092,
    0.9316009904813872,
    0.9317078694021348,
    0.9315402053231112,
    0.9316025062176196,
    0.931923857595483,
    0.9316033861421681,
    0.9319906551671143,
    0.9320987107667271,
    0.9320028554301664,
    0.9318204537490135,
    0.9320113970595688,
    0.9321026503306094,
    0.9321425462214643,
    0.9321339372869589,
    0.9322432551209829,
    0.932230182212461,
    0.9323934052096425,
    0.9323683090568184,
    0.932266455443084,
    0.932336578815137,
    0.9323360272930724,
    0.9324069643395101,
    0.9323359176849193,
    0.9323218767644492,
    0.9323541619039999,
    0.932373397027203,
    0.9323797164277824,
    0.9323844560573373,
    0.9323754306329484,
    0.9323805841150394
  ],