{
  "egfr": {
    "name": "egfr",
    "n_total": 205632,
    "n_actives": 4032,
    "baseline_rate": 0.0196078431372549,
    "roc_auc": 0.8987212807214899,
    "partial_auc_10": 0.5174900646022297,
    "partial_auc_5": 0.4018967801240867,
    "bedroc_20": 0.49198362403093626,
    "bedroc_80": 0.41829514788797206,
    "rie_20": 8.648008331956866,
    "average_precision": 0.2808949848764629,
    "ap_lift": 14.325644228699609,
    "best_f1": 0.3337091318557116,
    "ef_0.1%_ef": 39.55609756097561,
    "ef_0.1%_hits": 159,
    "ef_0.1%_hitrate": 0.775609756097561,
    "ef_0.5%_ef": 28.476653696498055,
    "ef_0.5%_hits": 574,
    "ef_0.5%_hitrate": 0.5583657587548638,
    "ef_1%_ef": 22.696984435797663,
    "ef_1%_hits": 915,
    "ef_1%_hitrate": 0.44503891050583655,
    "ef_2%_ef": 16.69406614785992,
    "ef_2%_hits": 1346,
    "ef_2%_hitrate": 0.32733463035019456,
    "ef_5%_ef": 10.303180624452875,
    "ef_5%_hits": 2077,
    "ef_5%_hitrate": 0.20202314949907596,
    "ef_10%_ef": 6.689053153722706,
    "ef_10%_hits": 2697,
    "ef_10%_hitrate": 0.13115790497495503,
    "ef_20%_ef": 4.091061615523027,
    "ef_20%_hits": 3299,
    "ef_20%_hitrate": 0.08021689442202014,
    "auac": 0.8908992693817496,
    "recovery_0.1%": 3.943452380952381,
    "recovery_0.5%": 14.23611111111111,
    "recovery_1%": 22.69345238095238,
    "recovery_2%": 33.382936507936506,
    "recovery_5%": 51.51289682539682,
    "recovery_10%": 66.88988095238095,
    "recovery_20%": 81.8204365079365
  },
  "drd2": {
    "name": "drd2",
    "n_total": 164373,
    "n_actives": 3223,
    "baseline_rate": 0.0196078431372549,
    "roc_auc": 0.9344412931835245,
    "partial_auc_10": 0.6365486334886095,
    "partial_auc_5": 0.5149466259660798,
    "bedroc_20": 0.6066909425837712,
    "bedroc_80": 0.5297535949763799,
    "rie_20": 10.431291317561666,
    "average_precision": 0.39665285469013783,
    "ap_lift": 20.22929558919703,
    "best_f1": 0.42446244060953353,
    "ef_0.1%_ef": 45.713414634146346,
    "ef_0.1%_hits": 147,
    "ef_0.1%_hitrate": 0.8963414634146342,
    "ef_0.5%_ef": 34.35200974421437,
    "ef_0.5%_hits": 553,
    "ef_0.5%_hitrate": 0.6735688185140073,
    "ef_1%_ef": 28.526475958612295,
    "ef_1%_hits": 919,
    "ef_1%_hitrate": 0.559342665855143,
    "ef_2%_ef": 21.36507453605111,
    "ef_2%_hits": 1377,
    "ef_2%_hitrate": 0.41892303011864923,
    "ef_5%_ef": 12.622779265027987,
    "ef_5%_hits": 2034,
    "ef_5%_hitrate": 0.24750547578486248,
    "ef_10%_ef": 7.8034312830808545,
    "ef_10%_hits": 2515,
    "ef_10%_hitrate": 0.15300845653099715,
    "ef_20%_ef": 4.495893411206425,
    "ef_20%_hits": 2898,
    "ef_20%_hitrate": 0.08815477276875343,
    "auac": 0.925918233549846,
    "recovery_0.1%": 4.560968042196711,
    "recovery_0.5%": 17.157927396835245,
    "recovery_1%": 28.51380701210053,
    "recovery_2%": 42.724170027924295,
    "recovery_5%": 63.10890474713,
    "recovery_10%": 78.03288861309339,
    "recovery_20%": 89.91622711759231
  },
  "adrb2": {
    "name": "adrb2",
    "n_total": 15702,
    "n_actives": 447,
    "baseline_rate": 0.0284677111196026,
    "roc_auc": 0.7634873811864963,
    "partial_auc_10": 0.20215691924824591,
    "partial_auc_5": 0.12011611698808546,
    "bedroc_20": 0.17862159795492874,
    "bedroc_80": 0.10831126065273156,
    "rie_20": 3.54642331485198,
    "average_precision": 0.08405843476649327,
    "ap_lift": 2.952764077636415,
    "best_f1": 0.154687499954547,
    "ef_0.1%_ef": 7.025503355704698,
    "ef_0.1%_hits": 3,
    "ef_0.1%_hitrate": 0.2,
    "ef_0.5%_ef": 3.1524694544828775,
    "ef_0.5%_hits": 7,
    "ef_0.5%_hitrate": 0.08974358974358974,
    "ef_1%_ef": 4.698585046808875,
    "ef_1%_hits": 21,
    "ef_1%_hitrate": 0.1337579617834395,
    "ef_2%_ef": 4.810456119351943,
    "ef_2%_hits": 43,
    "ef_2%_hitrate": 0.13694267515923567,
    "ef_5%_ef": 4.206352327619373,
    "ef_5%_hits": 94,
    "ef_5%_hitrate": 0.1197452229299363,
    "ef_10%_ef": 3.3561321762920535,
    "ef_10%_hits": 150,
    "ef_10%_hitrate": 0.09554140127388536,
    "ef_20%_ef": 2.796776813576711,
    "ef_20%_hits": 250,
    "ef_20%_hitrate": 0.07961783439490445,
    "auac": 0.7559487427612207,
    "recovery_0.1%": 0.6711409395973155,
    "recovery_0.5%": 1.5659955257270695,
    "recovery_1%": 4.697986577181208,
    "recovery_2%": 9.619686800894854,
    "recovery_5%": 21.02908277404922,
    "recovery_10%": 33.557046979865774,
    "recovery_20%": 55.92841163310962
  },
  "bace1": {
    "name": "bace1",
    "n_total": 18706,
    "n_actives": 485,
    "baseline_rate": 0.025927509889874908,
    "roc_auc": 0.8423291466683113,
    "partial_auc_10": 0.2957746160117729,
    "partial_auc_5": 0.1702668892865771,
    "bedroc_20": 0.2665304832092757,
    "bedroc_80": 0.1593122625087299,
    "rie_20": 4.8946956827828485,
    "average_precision": 0.11470807260031392,
    "ap_lift": 4.424183930023654,
    "best_f1": 0.20752797554777683,
    "ef_0.1%_ef": 0.0,
    "ef_0.1%_hits": 0,
    "ef_0.1%_hitrate": 0.0,
    "ef_0.5%_ef": 7.050260503270147,
    "ef_0.5%_hits": 17,
    "ef_0.5%_hitrate": 0.1827956989247312,
    "ef_1%_ef": 5.9812999614091185,
    "ef_1%_hits": 29,
    "ef_1%_hitrate": 0.15508021390374332,
    "ef_2%_ef": 6.39380340702354,
    "ef_2%_hits": 62,
    "ef_2%_hitrate": 0.1657754010695187,
    "ef_5%_ef": 5.568796515794696,
    "ef_5%_hits": 135,
    "ef_5%_hitrate": 0.1443850267379679,
    "ef_10%_ef": 4.70253928000441,
    "ef_10%_hits": 228,
    "ef_10%_hitrate": 0.12192513368983957,
    "ef_20%_ef": 3.5156518599966375,
    "ef_20%_hits": 341,
    "ef_20%_hitrate": 0.09115209836941994,
    "auac": 0.8334340599686301,
    "recovery_0.1%": 0.0,
    "recovery_0.5%": 3.5051546391752577,
    "recovery_1%": 5.979381443298969,
    "recovery_2%": 12.783505154639174,
    "recovery_5%": 27.835051546391753,
    "recovery_10%": 47.01030927835051,
    "recovery_20%": 70.30927835051546
  },
  "esr1": {
    "name": "esr1",
    "n_total": 21445,
    "n_actives": 627,
    "baseline_rate": 0.029237584518535788,
    "roc_auc": 0.8167826640024282,
    "partial_auc_10": 0.3766358642831937,
    "partial_auc_5": 0.26368727957939725,
    "bedroc_20": 0.3626005035196726,
    "bedroc_80": 0.31158137189979035,
    "rie_20": 6.130659618397133,
    "average_precision": 0.1801047368499341,
    "ap_lift": 6.160041597682356,
    "best_f1": 0.2758620689164685,
    "ef_0.1%_ef": 1.628692944482418,
    "ef_0.1%_hits": 1,
    "ef_0.1%_hitrate": 0.047619047619047616,
    "ef_0.5%_ef": 9.909150531383684,
    "ef_0.5%_hits": 31,
    "ef_0.5%_hitrate": 0.2897196261682243,
    "ef_1%_ef": 13.744950737080595,
    "ef_1%_hits": 86,
    "ef_1%_hitrate": 0.40186915887850466,
    "ef_2%_ef": 11.027925591378617,
    "ef_2%_hits": 138,
    "ef_2%_hitrate": 0.32242990654205606,
    "ef_5%_ef": 6.891558951653217,
    "ef_5%_hits": 216,
    "ef_5%_hitrate": 0.20149253731343283,
    "ef_10%_ef": 5.120811165464543,
    "ef_10%_hits": 321,
    "ef_10%_hitrate": 0.14972014925373134,
    "ef_20%_ef": 3.421052631578948,
    "ef_20%_hits": 429,
    "ef_20%_hitrate": 0.10002331545814876,
    "auac": 0.8075154237147586,
    "recovery_0.1%": 0.1594896331738437,
    "recovery_0.5%": 4.944178628389154,
    "recovery_1%": 13.716108452950559,
    "recovery_2%": 22.00956937799043,
    "recovery_5%": 34.44976076555024,
    "recovery_10%": 51.196172248803826,
    "recovery_20%": 68.42105263157895
  },
  "hdac2": {
    "name": "hdac2",
    "n_total": 10604,
    "n_actives": 238,
    "baseline_rate": 0.022444360618634477,
    "roc_auc": 0.901189570947036,
    "partial_auc_10": 0.46727180163981463,
    "partial_auc_5": 0.3524369423632852,
    "bedroc_20": 0.44686043072831655,
    "bedroc_80": 0.3593678883428954,
    "rie_20": 7.759989890282829,
    "average_precision": 0.2350477830680822,
    "ap_lift": 10.472465090982956,
    "best_f1": 0.3198757763509182,
    "ef_0.1%_ef": 26.7327731092437,
    "ef_0.1%_hits": 6,
    "ef_0.1%_hitrate": 0.6,
    "ef_0.5%_ef": 20.17567781829713,
    "ef_0.5%_hits": 24,