{
  "checkpoint": "results/v3/best_model.pt",
  "config": {
    "n_programs": 5123,
    "n_assays": 100,
    "n_rounds": 20,
    "use_l1": true,
    "use_l2": false,
    "use_l3": false
  },
  "timestamp": "2026-01-31T23:03:40.979932",
  "note": "All conditions use same correct L1 program_id (no confound)",
  "concat_proj": "Random init Linear(736,512)->LN->ReLU->Linear(512,512)",
  "results": {
    "film": {
      "egfr": 0.9625731659127771,
      "drd2": 0.9856997713359675,
      "adrb2": 0.7763545454345477,
      "bace1": 0.657515260798546,
      "esr1": 0.9091213238206477,
      "hdac2": 0.9252657362385434,
      "jak2": 0.9045945034564155,
      "pparg": 0.8352315620916354,
      "cyp3a4": 0.6832364797229662,
      "fxa": 0.85022502209317
    },
    "no_context": {
      "egfr": 0.7664872961988615,
      "drd2": 0.7881360045107069,
      "adrb2": 0.7209495254792319,
      "bace1": 0.49527236331478863,
      "esr1": 0.7467191163701268,
      "hdac2": 0.7580845670315204,
      "jak2": 0.7661058049927103,
      "pparg": 0.7605057088030779,
      "cyp3a4": 0.6981219056894733,
      "fxa": 0.7423766191137484
    },
    "additive": {
      "egfr": 0.8390075040794673,
      "drd2": 0.8960743459903507,
      "adrb2": 0.6861151623005476,
      "bace1": 0.5762810216149148,
      "esr1": 0.8241021564119996,
      "hdac2": 0.7613874220342198,
      "jak2": 0.7850392256042529,
      "pparg": 0.7670434195431525,
      "cyp3a4": 0.6996983469956443,
      "fxa": 0.7973912889786643
    },
    "concat": {
      "egfr": 0.8375548396803745,
      "drd2": 0.5499540457784373,
      "adrb2": 0.686977167423011,
      "bace1": 0.5294284888230811,
      "esr1": 0.5683405187174698,
      "hdac2": 0.5272262097970579,
      "jak2": 0.6966948337250936,
      "pparg": 0.5351720950587019,
      "cyp3a4": 0.49628890151412675,
      "fxa": 0.6468572654967808
    }
  },
  "summary": {
    "film_mean": 0.8489817370905216,
    "film_std": 0.10663951224204277,
    "no_context_mean": 0.7242758911504245,
    "no_context_std": 0.08002145392011033,
    "additive_mean": 0.7632139893553214,
    "additive_std": 0.08584214008479525,
    "concat_mean": 0.6074494366014134,
    "concat_std": 0.10184783496875098
  }
}