{
  "checkpoint": "results/v4/best_model.pt",
  "config": {
    "n_programs": 5123,
    "n_assays": 5,
    "n_rounds": 20,
    "use_l1": true,
    "use_l2": true,
    "use_l3": true
  },
  "n_trials": 3,
  "adapt_steps": 100,
  "results": {
    "egfr": {
      "n_shots": [
        10,
        25,
        50
      ],
      "zero_shot_auc": [
        0.8667680133277801,
        0.8658762696214218,
        0.8638172839506173
      ],
      "correct_l1_auc": [
        0.9608690823268082,
        0.960104893813481,
        0.9610633744855965
      ],
      "adapted_auc": [
        0.8230431764542553,
        0.8063571560480147,
        0.7744123456790124
      ],
      "zero_shot_std": [
        0.0014240938901744454,
        0.0006759192485316494,
        0.0022087419208305864
      ],
      "adapted_std": [
        0.019190100436852996,
        0.02725515299884055,
        0.03187535413910999
      ]
    },
    "drd2": {
      "n_shots": [
        10,
        25,
        50
      ],
      "zero_shot_auc": [
        0.8835207552408718,
        0.88212594644506,
        0.8841695473251029
      ],
      "correct_l1_auc": [
        0.9692822435096488,
        0.9691213296398892,
        0.9680938271604939
      ],
      "adapted_auc": [
        0.8190288768568652,
        0.8389200369344415,
        0.8208041152263373
      ],
      "zero_shot_std": [
        0.0021768964248075518,
        0.0005990470360312003,
        0.0012732975802897852
      ],
      "adapted_std": [
        0.026477763837490228,
        0.05528704273583059,
        0.009830025500711877
      ]
    },
    "bace1": {
      "n_shots": [
        10,
        25,
        50
      ],
      "zero_shot_auc": [
        0.8455982814178302,
        0.8472982456140349,
        0.8474261387824606
      ],
      "correct_l1_auc": [
        0.7136842105263157,
        0.7146788710907703,
        0.715906343124734
      ],
      "adapted_auc": [
        0.6051915503043322,
        0.5811090770404271,
        0.5457760749255002
      ],
      "zero_shot_std": [
        0.0009768997121482297,
        0.0023722530847606637,
        0.005002800313580556
      ],
      "adapted_std": [
        0.05526579120519426,
        0.1070446546458666,
        0.044262008942863806
      ]
    }
  }
}