{
  "egfr": {
    "name": "egfr",
    "n_total": 205632,
    "n_actives": 4032,
    "baseline_rate": 0.0196078431372549,
    "roc_auc": 0.6486383362662194,
    "partial_auc_10": 0.14014727418745274,
    "partial_auc_5": 0.09435722060815069,
    "bedroc_20": 0.10349474012809198,
    "bedroc_80": 0.09423551856925433,
    "rie_20": 2.608813188133229,
    "average_precision": 0.04953236862414982,
    "ap_lift": 2.526150799831641,
    "best_f1": 0.0856668942834268,
    "ef_0.1%_ef": 18.90731707317073,
    "ef_0.1%_hits": 76,
    "ef_0.1%_hitrate": 0.37073170731707317,
    "ef_0.5%_ef": 8.63229571984436,
    "ef_0.5%_hits": 174,
    "ef_0.5%_hitrate": 0.16926070038910507,
    "ef_1%_ef": 5.779669260700389,
    "ef_1%_hits": 233,
    "ef_1%_hitrate": 0.11332684824902724,
    "ef_2%_ef": 4.154912451361868,
    "ef_2%_hits": 335,
    "ef_2%_hitrate": 0.08146887159533074,
    "ef_5%_ef": 2.8424277793988915,
    "ef_5%_hits": 573,
    "ef_5%_hitrate": 0.05573387802742924,
    "ef_10%_ef": 2.1552788989933376,
    "ef_10%_hits": 869,
    "ef_10%_hitrate": 0.04226037056849682,
    "ef_20%_ef": 1.7696104653990177,
    "ef_20%_hits": 1427,
    "ef_20%_hitrate": 0.03469824441958858,
    "auac": 0.6457312091503268,
    "recovery_0.1%": 1.8849206349206349,
    "recovery_0.5%": 4.315476190476191,
    "recovery_1%": 5.778769841269842,
    "recovery_2%": 8.308531746031745,
    "recovery_5%": 14.211309523809524,
    "recovery_10%": 21.552579365079367,
    "recovery_20%": 35.39186507936508
  },
  "drd2": {
    "name": "drd2",
    "n_total": 164373,
    "n_actives": 3223,
    "baseline_rate": 0.0196078431372549,
    "roc_auc": 0.551498300542881,
    "partial_auc_10": 0.06116481282867506,
    "partial_auc_5": 0.03243116950779135,
    "bedroc_20": 0.013828320953281275,
    "bedroc_80": 0.014237257475721172,
    "rie_20": 1.214908195913682,
    "average_precision": 0.02368519102533105,
    "ap_lift": 1.2079447422918836,
    "best_f1": 0.044609555811861885,
    "ef_0.1%_ef": 5.597560975609756,
    "ef_0.1%_hits": 18,
    "ef_0.1%_hitrate": 0.10975609756097561,
    "ef_0.5%_ef": 2.6090133982947625,
    "ef_0.5%_hits": 42,
    "ef_0.5%_hitrate": 0.05115712545676005,
    "ef_1%_ef": 1.7382836275106512,
    "ef_1%_hits": 56,
    "ef_1%_hitrate": 0.03408399269628728,
    "ef_2%_ef": 1.287800425920292,
    "ef_2%_hits": 83,
    "ef_2%_hitrate": 0.025250988743535138,
    "ef_5%_ef": 1.1729131175468483,
    "ef_5%_hits": 189,
    "ef_5%_hitrate": 0.022998296422487224,
    "ef_10%_ef": 1.1790472713998905,
    "ef_10%_hits": 380,
    "ef_10%_hitrate": 0.023118573949017462,
    "ef_20%_ef": 1.141814199671473,
    "ef_20%_hits": 736,
    "ef_20%_hitrate": 0.02238851371904849,
    "auac": 0.5505030672701018,
    "recovery_0.1%": 0.5584858827179646,
    "recovery_0.5%": 1.3031337263419174,
    "recovery_1%": 1.7375116351225566,
    "recovery_2%": 2.5752404591995037,
    "recovery_5%": 5.864101768538629,
    "recovery_10%": 11.79025752404592,
    "recovery_20%": 22.83586720446789
  },
  "adrb2": {
    "name": "adrb2",
    "n_total": 15702,
    "n_actives": 447,
    "baseline_rate": 0.0284677111196026,
    "roc_auc": 0.3699360681978329,
    "partial_auc_10": 0.017812768322558268,
    "partial_auc_5": 0.012770229000357092,
    "bedroc_20": 0,
    "bedroc_80": 0,
    "rie_20": 0.3921642212315076,
    "average_precision": 0.021087715844155856,
    "ap_lift": 0.7407590921363205,
    "best_f1": 0.05543498480269597,
    "ef_0.1%_ef": 0.0,
    "ef_0.1%_hits": 0,
    "ef_0.1%_hitrate": 0.0,
    "ef_0.5%_ef": 1.351058337635519,
    "ef_0.5%_hits": 3,
    "ef_0.5%_hitrate": 0.038461538461538464,
    "ef_1%_ef": 1.1187107254306843,
    "ef_1%_hits": 5,
    "ef_1%_hitrate": 0.03184713375796178,
    "ef_2%_ef": 0.5593553627153421,
    "ef_2%_hits": 5,
    "ef_2%_hitrate": 0.01592356687898089,
    "ef_5%_ef": 0.3132390031205916,
    "ef_5%_hits": 7,
    "ef_5%_hitrate": 0.008917197452229299,
    "ef_10%_ef": 0.26849057410336424,
    "ef_10%_hits": 12,
    "ef_10%_hitrate": 0.007643312101910828,
    "ef_20%_ef": 0.4251100756636601,
    "ef_20%_hits": 38,
    "ef_20%_hitrate": 0.012101910828025478,
    "auac": 0.373666259474206,
    "recovery_0.1%": 0.0,
    "recovery_0.5%": 0.6711409395973155,
    "recovery_1%": 1.1185682326621924,
    "recovery_2%": 1.1185682326621924,
    "recovery_5%": 1.5659955257270695,
    "recovery_10%": 2.684563758389262,
    "recovery_20%": 8.501118568232663
  },
  "bace1": {
    "name": "bace1",
    "n_total": 18706,
    "n_actives": 485,
    "baseline_rate": 0.025927509889874908,
    "roc_auc": 0.6355110252868984,
    "partial_auc_10": 0.07060110204776748,
    "partial_auc_5": 0.026132756075605522,
    "bedroc_20": 0.025301324816371665,
    "bedroc_80": 0.0019360649407277296,
    "rie_20": 1.3692336582025804,
    "average_precision": 0.03688898395244135,
    "ap_lift": 1.4227738841533357,
    "best_f1": 0.07335658012515509,
    "ef_0.1%_ef": 2.142726231386025,
    "ef_0.1%_hits": 1,
    "ef_0.1%_hitrate": 0.05555555555555555,
    "ef_0.5%_ef": 1.6588848242988583,
    "ef_0.5%_hits": 4,
    "ef_0.5%_hitrate": 0.043010752688172046,
    "ef_1%_ef": 1.031258614036055,
    "ef_1%_hits": 5,
    "ef_1%_hitrate": 0.026737967914438502,
    "ef_2%_ef": 0.8250068912288439,
    "ef_2%_hits": 8,
    "ef_2%_hitrate": 0.0213903743315508,
    "ef_5%_ef": 1.485012404211919,
    "ef_5%_hits": 36,
    "ef_5%_hitrate": 0.038502673796791446,
    "ef_10%_ef": 1.5262627487733613,
    "ef_10%_hits": 74,
    "ef_10%_hitrate": 0.039572192513368985,
    "ef_20%_ef": 1.536164595717006,
    "ef_20%_hits": 149,
    "ef_20%_hitrate": 0.03982892274792836,
    "auac": 0.632007867810207,
    "recovery_0.1%": 0.2061855670103093,
    "recovery_0.5%": 0.8247422680412372,
    "recovery_1%": 1.0309278350515463,
    "recovery_2%": 1.6494845360824744,
    "recovery_5%": 7.422680412371134,
    "recovery_10%": 15.257731958762887,
    "recovery_20%": 30.721649484536083
  },
  "esr1": {
    "name": "esr1",
    "n_total": 21445,
    "n_actives": 627,
    "baseline_rate": 0.029237584518535788,
    "roc_auc": 0.4082117931620639,
    "partial_auc_10": 0.04905811634300644,
    "partial_auc_5": 0.03014812203216974,
    "bedroc_20": 0,
    "bedroc_80": 0.004651571868334157,
    "rie_20": 0.9181501182896153,
    "average_precision": 0.025328949933091663,
    "ap_lift": 0.866314722990671,
    "best_f1": 0.05692496254383627,
    "ef_0.1%_ef": 0.0,
    "ef_0.1%_hits": 0,
    "ef_0.1%_hitrate": 0.0,
    "ef_0.5%_ef": 0.6393000342828183,
    "ef_0.5%_hits": 2,
    "ef_0.5%_hitrate": 0.018691588785046728,
    "ef_1%_ef": 1.5982500857070459,
    "ef_1%_hits": 10,
    "ef_1%_hitrate": 0.04672897196261682,
    "ef_2%_ef": 0.9589500514242275,
    "ef_2%_hits": 12,
    "ef_2%_hitrate": 0.028037383177570093,
    "ef_5%_ef": 1.2443092551596087,
    "ef_5%_hits": 39,
    "ef_5%_hitrate": 0.036380597014925374,
    "ef_10%_ef": 0.765728772405913,
    "ef_10%_hits": 48,
    "ef_10%_hitrate": 0.022388059701492536,
    "ef_20%_ef": 0.7097288676236045,
    "ef_20%_hits": 89,
    "ef_20%_hitrate": 0.020750757752389836,
    "auac": 0.4108921862722896,
    "recovery_0.1%": 0.0,
    "recovery_0.5%": 0.3189792663476874,
    "recovery_1%": 1.5948963317384368,
    "recovery_2%": 1.9138755980861244,
    "recovery_5%": 6.220095693779904,
    "recovery_10%": 7.655502392344498,
    "recovery_20%": 14.19457735247209
  },
  "hdac2": {
    "name": "hdac2",
    "n_total": 10604,
    "n_actives": 238,
    "baseline_rate": 0.022444360618634477,
    "roc_auc": 0.3203959859073863,
    "partial_auc_10": 0.0050038344490796515,
    "partial_auc_5": 0.0,
    "bedroc_20": 0,
    "bedroc_80": 0,
    "rie_20": 0.10658262327987532,
    "average_precision": 0.014957925588519402,
    "ap_lift": 0.6664447182380662,
    "best_f1": 0.0451827242480755,
    "ef_0.1%_ef": 0.0,
    "ef_0.1%_hits": 0,
    "ef_0.1%_hitrate": 0.0,
    "ef_0.5%_ef": 0.0,
    "ef_0.5%_hits": 0,
    "ef_0.5%_hitrate": 0.0,
    "ef_1%_ef": 0.0,
    "ef_1%_hits": 0,
    "ef_1%_hitrate": 0.0,