{
  "train_loss": [
    14.23758659336198,
    1.8248503292254539,
    1.2446967745782718,
    1.1436387123807454,
    1.0655684474700986,
    1.0055190420204931,
    0.9518393669781471,
    0.904916384685042,
    0.8619207052055703,
    0.8298017074563881,
    0.7967230627492942,
    0.7624141561224106,
    0.7315995738024161,
    0.7033655191226282,
    0.6790250957849424,
    0.6584751197706198,
    0.6382838718914784,
    0.6204468956037484,
    0.6032036044114485,
    0.5875209577195385,
    0.573554982801184,
    0.5588893141352029,
    0.546182707533859,
    0.5347104122251598,
    0.5234102816700911,
    0.5130217428592532,
    0.5019595030232713,
    0.4925930998131303,
    0.48352812169332493,
    0.47457637923656726,
    0.4659079090607262,
    0.45846899102182825,
    0.4505719868845251,
    0.44298797621137964,
    0.4356508751628173,
    0.4280079423371634,
    0.4213931806950352,
    0.41508439156763366,
    0.4086647244788625,
    0.40214347868905387,
    0.39667827276941225,
    0.3904373880581185,
    0.38439982628999625,
    0.3790234168146888,
    0.37394401204534317,
    0.36865333788923377,
    0.3634130774764969,
    0.3586601945326314,
    0.35423922862267354,
    0.3496936610743074,
    0.34447071672200025,
    0.339903966457335,
    0.3362579797662947,
    0.33192681754652414,
    0.32774873047088254,
    0.32349598803591123,
    0.32007920248920674,
    0.3157744938598096,
    0.3122696381626334,
    0.30862264357317926,
    0.30531572233335313,
    0.302180820818628,
    0.2986430662140278,
    0.2952943478696136,
    0.2928448719682587,
    0.28930381498192,
    0.28684729361701566,
    0.28397475899903396,
    0.28128373450211963,
    0.2784936145068052,
    0.27607490136169793,
    0.2737091306940974,
    0.2713417603509827,
    0.2689805661405667,
    0.2669195133043798,
    0.2644443010137584,
    0.262984751959375,
    0.26138749021472724,
    0.2592702531520307,
    0.25747180578507217,
    0.25614403783228495,
    0.25438952445983887,
    0.25286574608480306,
    0.25143882698127246,
    0.2506962315839471,
    0.2494910410879516,
    0.2487485394285031,
    0.24763040296907293,
    0.24656065029377436,
    0.24581610427257863,
    0.24476341385162706,
    0.24468619537868178,
    0.24380087273176532,
    0.24315398356511164,
    0.2428825455549408,
    0.2426304049271243,
    0.24219759294647394,
    0.24245656126726514,
    0.24197220660405966,
    0.24184776475374867
  ],
  "val_loss": [
    3.522494402073573,
    1.183075311126319,
    1.0611044063222452,
    0.987791513200143,
    0.9222111316418559,
    0.8824105938571093,
    0.8358705053763762,
    0.8196204861965322,
    0.7819939582542859,
    0.7650929321586865,
    0.7460571986148792,
    0.7122890293376597,
    0.6906415231830568,
    0.6706934175748365,
    0.6575346315438862,
    0.6484319498990991,
    0.6310727916464043,
    0.6389029048189354,
    0.6182141318972669,
    0.606189891751371,
    0.6007024131742995,
    0.5828318147189555,
    0.5790317275710265,
    0.5708576852393417,
    0.5701148830714279,
    0.5617689044945302,
    0.5490186752883032,
    0.5476659396213227,
    0.5465600747047303,
    0.5444618471825433,
    0.5415008172226661,
    0.532603109359298,
    0.5324811590870073,
    0.5261831676317413,
    0.522689476775414,
    0.518072582365855,
    0.5209928672885363,
    0.5139528540098091,
    0.5143985526158464,
    0.5112467911163671,
    0.5072880623841375,
    0.5079253656048757,
    0.5043871700763702,
    0.5011568738071449,
    0.5020351796012829,
    0.4994989231948959,
    0.49640684500059673,
    0.49428386814532227,
    0.4927617329757896,
    0.4930576991192913,
    0.49011526957542034,
    0.4929830510598576,
    0.4891565556198248,
    0.4877520366450668,
    0.48670253667246455,
    0.4852718315381543,
    0.4860421536026391,
    0.48409009195836505,
    0.48718368829847714,
    0.47970005393471415,
    0.4806688720962815,
    0.480698379940703,
    0.47994505699903994,
    0.47888850057878457,
    0.4773215951751156,
    0.477160275204031,
    0.4770835018734063,
    0.4789631266465417,
    0.47766091062455374,
    0.4750664453524196,
    0.4744389379002348,
    0.4766091503839954,
    0.4746172944409253,
    0.4732214199122886,
    0.47413854467159755,
    0.47264046568188084,
    0.47103200016411706,
    0.47230451639921694,
    0.47218842837668706,
    0.47373601262454207,
    0.47274865060490745,
    0.47207752745390824,
    0.4723796365872635,
    0.4726228915071842,
    0.4721817136586377,
    0.47172566677779515,
    0.47139014475407653,
    0.471891995588643,
    0.47136035279048866,
    0.47135538981749664,
    0.4711368070659141,
    0.47112873767166774,
    0.47140761689182553,
    0.4709275167670835,
    0.47121774419089674,
    0.4708833056865572,
    0.4711206231307806,
    0.47105885338606,
    0.47110659188719045,
    0.4710896663838603
  ],
  "val_auc": [
    0.5240375975789934,
    0.802911052179171,
    0.8232833581784214,
    0.8356356939451824,
    0.8475620763934855,
    0.8557252165003187,
    0.8645268549038353,
    0.8698179640092023,
    0.8755384358901049,
    0.8802896256766389,
    0.8848777153663749,
    0.8885068039744269,
    0.8923978385566724,
    0.8957217697321616,
    0.8985864599411915,
    0.8993784602894411,
    0.9033236715761209,
    0.9032200457705037,
    0.9066035540937181,
    0.9085603138688523,
    0.9097878410007147,
    0.9112874527027026,
    0.9117252330468246,
    0.913694450490106,
    0.9137217441861827,
    0.9149404029740609,
    0.9172425444750973,
    0.9178353431344877,
    0.9181144645691478,
    0.9180128023213322,
    0.9184570765529301,
    0.9203214284263819,
    0.9202144763983676,
    0.9210277437876636,
    0.9216668941420899,
    0.9223324136441282,
    0.9222666871519769,
    0.9232937846460837,
    0.9233734649207506,
    0.9236345189440921,
    0.9241148410713607,
    0.9238942165269772,
    0.9251502131898307,
    0.925420236303823,
    0.9252660520232606,
    0.9260071399645591,
    0.9260216603547656,
    0.926562035196222,
    0.9270590852788695,
    0.9271949440045609,
    0.9276960443141825,
    0.9269834002688593,
    0.9277403146147405,
    0.92786516642428,
    0.9282963393694992,
    0.9285659121300688,
    0.92864341321742,
    0.9289464966400774,
    0.928698955540279,
    0.9292606371939787,
    0.9291881476994344,
    0.9293898763889696,
    0.9292256624876657,
    0.929936898400526,
    0.929876284142354,
    0.9299138562137683,
    0.9298084126429077,
    0.9298572444993317,
    0.9300796288928124,
    0.9302017601203854,
    0.9302722327827128,
    0.9300907743224436,
    0.9304327961733971,
    0.9304182543679307,
    0.9306034075407601,
    0.9307257862570023,
    0.9308518781472357,
    0.9308899326422156,
    0.9307615126072919,
    0.930890465808343,
    0.9308376372103478,
    0.9308712734101661,
    0.9309037029708541,
    0.9310436286970484,
    0.9309923798700774,
    0.9309937910618634,
    0.931061538711481,
    0.9310488095020576,
    0.9311055876858546,
    0.9310755574782338,
    0.931093447448827,
    0.9311115822707423,
    0.9311224276757464,
    0.9311473241286338,
    0.9311410448157333,
    0.9311698256591978,
    0.9311701097542474,
    0.9311803808505065,
    0.9311799083433668,
    0.9311813481239971
  ],