{
  "egfr": {
    "name": "egfr",
    "n_total": 205632,
    "n_actives": 4032,
    "baseline_rate": 0.0196078431372549,
    "roc_auc": 0.8685109740872622,
    "partial_auc_10": 0.4242926073062327,
    "partial_auc_5": 0.3254299064822688,
    "bedroc_20": 0.4031739765897288,
    "bedroc_80": 0.3420444083395831,
    "rie_20": 7.267431399707345,
    "average_precision": 0.20838512530517844,
    "ap_lift": 10.6276413905641,
    "best_f1": 0.27445652168913126,
    "ef_0.1%_ef": 33.33658536585366,
    "ef_0.1%_hits": 134,
    "ef_0.1%_hitrate": 0.6536585365853659,
    "ef_0.5%_ef": 23.41634241245136,
    "ef_0.5%_hits": 472,
    "ef_0.5%_hitrate": 0.4591439688715953,
    "ef_1%_ef": 18.852140077821012,
    "ef_1%_hits": 760,
    "ef_1%_hitrate": 0.36964980544747084,
    "ef_2%_ef": 13.816634241245135,
    "ef_2%_hits": 1114,
    "ef_2%_hitrate": 0.2709143968871595,
    "ef_5%_ef": 8.507440910417275,
    "ef_5%_hits": 1715,
    "ef_5%_hitrate": 0.16681256687092696,
    "ef_10%_ef": 5.634975441326654,
    "ef_10%_hits": 2272,
    "ef_10%_hitrate": 0.11048971453581675,
    "ef_20%_ef": 3.715313913339493,
    "ef_20%_hits": 2996,
    "ef_20%_hitrate": 0.07284929241842143,
    "auac": 0.8612914886488932,
    "recovery_0.1%": 3.3234126984126986,
    "recovery_0.5%": 11.706349206349206,
    "recovery_1%": 18.849206349206348,
    "recovery_2%": 27.628968253968257,
    "recovery_5%": 42.53472222222222,
    "recovery_10%": 56.34920634920635,
    "recovery_20%": 74.30555555555556
  },
  "drd2": {
    "name": "drd2",
    "n_total": 164373,
    "n_actives": 3223,
    "baseline_rate": 0.0196078431372549,
    "roc_auc": 0.9419110182793563,
    "partial_auc_10": 0.6743086385869327,
    "partial_auc_5": 0.5590964107746745,
    "bedroc_20": 0.6446506202599762,
    "bedroc_80": 0.5695142793635704,
    "rie_20": 11.021395871085403,
    "average_precision": 0.4439761708631638,
    "ap_lift": 22.642784714021357,
    "best_f1": 0.45068394523463534,
    "ef_0.1%_ef": 46.646341463414636,
    "ef_0.1%_hits": 150,
    "ef_0.1%_hitrate": 0.9146341463414634,
    "ef_0.5%_ef": 38.38976857490864,
    "ef_0.5%_hits": 618,
    "ef_0.5%_hitrate": 0.7527405602923264,
    "ef_1%_ef": 30.38892270237371,
    "ef_1%_hits": 979,
    "ef_1%_hitrate": 0.595861229458308,
    "ef_2%_ef": 22.652874961971403,
    "ef_2%_hits": 1460,
    "ef_2%_hitrate": 0.4441740188621844,
    "ef_5%_ef": 13.435750790946702,
    "ef_5%_hits": 2165,
    "ef_5%_hitrate": 0.2634460939401314,
    "ef_10%_ef": 8.169556488410294,
    "ef_10%_hits": 2633,
    "ef_10%_hitrate": 0.16018738212569203,
    "ef_20%_ef": 4.561051286731155,
    "ef_20%_hits": 2940,
    "ef_20%_hitrate": 0.08943237817119912,
    "auac": 0.9332531455822426,
    "recovery_0.1%": 4.654049022649706,
    "recovery_0.5%": 19.174681973316783,
    "recovery_1%": 30.37542662116041,
    "recovery_2%": 45.2994104871238,
    "recovery_5%": 67.1734408935774,
    "recovery_10%": 81.6940738442445,
    "recovery_20%": 91.21936084393423
  },
  "adrb2": {
    "name": "adrb2",
    "n_total": 15702,
    "n_actives": 447,
    "baseline_rate": 0.0284677111196026,
    "roc_auc": 0.6956088772742571,
    "partial_auc_10": 0.19107975747123657,
    "partial_auc_5": 0.11790611066016421,
    "bedroc_20": 0.16678836460072788,
    "bedroc_80": 0.13755109198169257,
    "rie_20": 3.3776869684091833,
    "average_precision": 0.08715288182486482,
    "ap_lift": 3.0614643185996138,
    "best_f1": 0.152588555815955,
    "ef_0.1%_ef": 14.051006711409396,
    "ef_0.1%_hits": 6,
    "ef_0.1%_hitrate": 0.4,
    "ef_0.5%_ef": 8.556702805024953,
    "ef_0.5%_hits": 19,
    "ef_0.5%_hitrate": 0.24358974358974358,
    "ef_1%_ef": 6.264780062411832,
    "ef_1%_hits": 28,
    "ef_1%_hitrate": 0.17834394904458598,
    "ef_2%_ef": 4.698585046808875,
    "ef_2%_hits": 42,
    "ef_2%_hitrate": 0.1337579617834395,
    "ef_5%_ef": 3.7141196084298724,
    "ef_5%_hits": 83,
    "ef_5%_hitrate": 0.10573248407643313,
    "ef_10%_ef": 2.9757705296456205,
    "ef_10%_hits": 133,
    "ef_10%_hitrate": 0.08471337579617834,
    "ef_20%_ef": 2.248608558115676,
    "ef_20%_hits": 201,
    "ef_20%_hitrate": 0.06401273885350318,
    "auac": 0.6900419074843912,
    "recovery_0.1%": 1.342281879194631,
    "recovery_0.5%": 4.250559284116331,
    "recovery_1%": 6.263982102908278,
    "recovery_2%": 9.395973154362416,
    "recovery_5%": 18.568232662192393,
    "recovery_10%": 29.753914988814316,
    "recovery_20%": 44.966442953020135
  },
  "bace1": {
    "name": "bace1",
    "n_total": 18706,
    "n_actives": 485,
    "baseline_rate": 0.025927509889874908,
    "roc_auc": 0.7704096949424506,
    "partial_auc_10": 0.2167817014128367,
    "partial_auc_5": 0.12615895220027645,
    "bedroc_20": 0.17946682149180682,
    "bedroc_80": 0.08170899445230376,
    "rie_20": 3.622297125532531,
    "average_precision": 0.07559244727354258,
    "ap_lift": 2.915530554018325,
    "best_f1": 0.164459930268839,
    "ef_0.1%_ef": 0.0,
    "ef_0.1%_hits": 0,
    "ef_0.1%_hitrate": 0.0,
    "ef_0.5%_ef": 1.6588848242988583,
    "ef_0.5%_hits": 4,
    "ef_0.5%_hitrate": 0.043010752688172046,
    "ef_1%_ef": 2.2687689508793207,
    "ef_1%_hits": 11,
    "ef_1%_hitrate": 0.058823529411764705,
    "ef_2%_ef": 4.12503445614422,
    "ef_2%_hits": 40,
    "ef_2%_hitrate": 0.10695187165775401,
    "ef_5%_ef": 4.743789624565853,
    "ef_5%_hits": 115,
    "ef_5%_hitrate": 0.12299465240641712,
    "ef_10%_ef": 3.38252825403826,
    "ef_10%_hits": 164,
    "ef_10%_hitrate": 0.0877005347593583,
    "ef_20%_ef": 2.608386863868473,
    "ef_20%_hits": 253,
    "ef_20%_hitrate": 0.06762897620956963,
    "auac": 0.7633726319687933,
    "recovery_0.1%": 0.0,
    "recovery_0.5%": 0.8247422680412372,
    "recovery_1%": 2.268041237113402,
    "recovery_2%": 8.24742268041237,
    "recovery_5%": 23.711340206185564,
    "recovery_10%": 33.81443298969072,
    "recovery_20%": 52.164948453608254
  },
  "esr1": {
    "name": "esr1",
    "n_total": 21445,
    "n_actives": 627,
    "baseline_rate": 0.029237584518535788,
    "roc_auc": 0.8236780356466762,
    "partial_auc_10": 0.448790405432178,
    "partial_auc_5": 0.3384921924546035,
    "bedroc_20": 0.4397690881049307,
    "bedroc_80": 0.40021228548378485,
    "rie_20": 7.222665050606276,
    "average_precision": 0.25051894178915,
    "ap_lift": 8.568387091974996,
    "best_f1": 0.34428794987177036,
    "ef_0.1%_ef": 17.915622389306602,
    "ef_0.1%_hits": 11,
    "ef_0.1%_hitrate": 0.5238095238095238,
    "ef_0.5%_ef": 17.261100925636093,
    "ef_0.5%_hits": 54,
    "ef_0.5%_hitrate": 0.5046728971962616,
    "ef_1%_ef": 16.142325865641165,
    "ef_1%_hits": 101,
    "ef_1%_hitrate": 0.4719626168224299,
    "ef_2%_ef": 13.345388215653834,
    "ef_2%_hits": 167,
    "ef_2%_hitrate": 0.3901869158878505,
    "ef_5%_ef": 8.805880882668001,
    "ef_5%_hits": 276,
    "ef_5%_hitrate": 0.2574626865671642,
    "ef_10%_ef": 5.902492620628913,
    "ef_10%_hits": 370,
    "ef_10%_hitrate": 0.17257462686567165,
    "ef_20%_ef": 3.572567783094099,
    "ef_20%_hits": 448,
    "ef_20%_hitrate": 0.10445325250641176,
    "auac": 0.8141814136009814,
    "recovery_0.1%": 1.7543859649122806,
    "recovery_0.5%": 8.61244019138756,
    "recovery_1%": 16.108452950558213,
    "recovery_2%": 26.6347687400319,
    "recovery_5%": 44.01913875598086,
    "recovery_10%": 59.01116427432217,
    "recovery_20%": 71.45135566188198
  },
  "hdac2": {
    "name": "hdac2",
    "n_total": 10604,
    "n_actives": 238,
    "baseline_rate": 0.022444360618634477,
    "roc_auc": 0.8511171784940099,
    "partial_auc_10": 0.376479262359005,
    "partial_auc_5": 0.28891317283232026,
    "bedroc_20": 0.3579782144786725,
    "bedroc_80": 0.28234673010982264,
    "rie_20": 6.415215022964386,
    "average_precision": 0.1640160948170039,
    "ap_lift": 7.307675081678611,
    "best_f1": 0.2728682170076962,
    "ef_0.1%_ef": 22.277310924369747,
    "ef_0.1%_hits": 5,
    "ef_0.1%_hitrate": 0.5,
    "ef_0.5%_ef": 10.928492151577613,
    "ef_0.5%_hits": 13,