{
  "checkpoint": "results/v3/best_model.pt",
  "config": {
    "num_programs": 5123,
    "num_assays": 100,
    "num_rounds": 20
  },
  "program_id": 0,
  "n_steps": 50,
  "results": [
    {
      "name": "Celecoxib",
      "smiles": "CC1=CC=C(C=C1)C2=CC(=NN2C3=CC=C(C=C3)S(=O)(=O)N)C(F)(F)F",
      "importance": [
        0.1755695939064026,
        0.36997389793395996,
        0.11283649504184723,
        0.1304178386926651,
        0.39396271109580994,
        0.176942378282547,
        0.1077880710363388,
        0.2500011622905731,
        0.4233627915382385,
        0.6428991556167603,
        0.4387490451335907,
        0.6812241673469543,
        0.5469778776168823,
        0.12357014417648315,
        0.30397289991378784,
        0.7616114616394043,
        0.2756780982017517,
        0.10160237550735474,
        0.6531461477279663,
        0.3901851177215576,
        0.45086658000946045,
        0.924521267414093,
        0.18126139044761658,
        0.1886081099510193,
        0.1880362629890442,
        0.3833563029766083
      ],
      "mean_importance": 0.3606584966182709,
      "max_importance": 0.924521267414093,
      "std_importance": 0.22240854799747467,
      "n_atoms": 26,
      "top_atoms": [
        21,
        15,
        11,
        18,
        9
      ]
    },
    {
      "name": "Ibuprofen",
      "smiles": "CC(C)CC1=CC=C(C=C1)C(C)C(=O)O",
      "importance": [
        0.20882150530815125,
        0.3457332253456116,
        0.23637589812278748,
        0.28053057193756104,
        0.20865558087825775,
        0.15377303957939148,
        0.19207775592803955,
        0.3437460660934448,
        0.1481337994337082,
        0.15031728148460388,
        0.4551939368247986,
        0.7082503437995911,
        0.46109336614608765,
        0.143792062997818,
        0.3511847257614136
      ],
      "mean_importance": 0.2925119400024414,
      "max_importance": 0.7082503437995911,
      "std_importance": 0.15198063850402832,
      "n_atoms": 15,
      "top_atoms": [
        11,
        12,
        10,
        14,
        1
      ]
    },
    {
      "name": "Aspirin",
      "smiles": "CC(=O)OC1=CC=CC=C1C(=O)O",
      "importance": [
        0.07154292613267899,
        0.20265483856201172,
        0.09782831370830536,
        0.3488417863845825,
        0.2769445776939392,
        0.2295829802751541,
        0.12372131645679474,
        0.15918034315109253,
        0.1495027244091034,
        0.316090852022171,
        0.09550583362579346,
        0.1131289005279541,
        0.26542559266090393
      ],
      "mean_importance": 0.18845775723457336,
      "max_importance": 0.3488417863845825,
      "std_importance": 0.08789100497961044,
      "n_atoms": 13,
      "top_atoms": [
        3,
        9,
        4,
        12,
        5
      ]
    },
    {
      "name": "Caffeine",
      "smiles": "CN1C=NC2=C1C(=O)N(C(=O)N2C)C",
      "importance": [
        0.31610143184661865,
        0.8498002290725708,
        0.39840883016586304,
        0.7020628452301025,
        0.8249711990356445,
        0.44621741771698,
        0.5033831596374512,
        0.21798990666866302,
        0.36067497730255127,
        0.3380245566368103,
        0.2069050371646881,
        0.43734943866729736,
        0.18273314833641052,
        0.13917002081871033
      ],
      "mean_importance": 0.4231279790401459,
      "max_importance": 0.8498002290725708,
      "std_importance": 0.22022271156311035,
      "n_atoms": 14,
      "top_atoms": [
        1,
        4,
        3,
        6,
        5
      ]
    },
    {
      "name": "Acetaminophen",
      "smiles": "CC(=O)NC1=CC=C(C=C1)O",
      "importance": [
        0.25305429100990295,
        0.29799705743789673,
        0.22894783318042755,
        0.574384868144989,
        0.33563604950904846,
        0.27969878911972046,
        0.3166826069355011,
        0.303830087184906,
        0.24984467029571533,
        0.25122684240341187,
        0.3874412775039673
      ],
      "mean_importance": 0.3162494897842407,
      "max_importance": 0.574384868144989,
      "std_importance": 0.09251745790243149,
      "n_atoms": 11,
      "top_atoms": [
        3,
        10,
        4,
        6,
        7
      ]
    },
    {
      "name": "Metformin",
      "smiles": "CN(C)C(=N)NC(=N)N",
      "importance": [
        0.1345411241054535,
        0.6572655439376831,
        0.2856520414352417,
        0.46239298582077026,
        0.3445439636707306,
        0.8398312330245972,
        0.5142972469329834,
        0.41480329632759094,
        0.43427300453186035
      ],
      "mean_importance": 0.4541778564453125,
      "max_importance": 0.8398312330245972,
      "std_importance": 0.1938469260931015,
      "n_atoms": 9,
      "top_atoms": [
        5,
        1,
        6,
        3,
        8
      ]
    },
    {
      "name": "Atorvastatin",
      "smiles": "CC(C)C1=C(C(=C(N1CCC(CC(CC(=O)O)O)O)C2=CC=C(C=C2)F)C3=CC=CC=C3)C(=O)NC4=CC=CC=C4",
      "importance": [
        0.05487444996833801,
        0.14172431826591492,
        0.09144130349159241,
        0.22806425392627716,
        0.23789140582084656,
        0.2378644347190857,
        0.254201740026474,
        0.3327479958534241,
        0.1526375561952591,
        0.07588309049606323,
        0.15102118253707886,
        0.08668573200702667,
        0.15322771668434143,
        0.11701531708240509,
        0.08819329738616943,
        0.09250380843877792,
        0.1487005054950714,
        0.14042672514915466,
        0.08831597864627838,
        0.309581995010376,
        0.04660095274448395,
        0.09442154318094254,
        0.1336691826581955,
        0.06704055517911911,
        0.0606902614235878,
        0.15296244621276855,
        0.0537511371076107,
        0.06376461684703827,
        0.0582847073674202,
        0.05778217315673828,
        0.0383562408387661,
        0.03989177942276001,
        0.17498484253883362,
        0.07559922337532043,
        0.3307340145111084,
        0.11075660586357117,
        0.09360095858573914,
        0.029718555510044098,
        0.02767331525683403,
        0.04471413046121597,
        0.09609086066484451
      ],
      "mean_importance": 0.12278269231319427,
      "max_importance": 0.3327479958534241,
      "std_importance": 0.08102305233478546,
      "n_atoms": 41,
      "top_atoms": [
        7,
        34,
        19,
        6,
        4
      ]
    }
  ]
}