{
  "timestamp": "2026-02-01T00:38:25.295443",
  "description": "ESM-2 protein embedding analysis for NEST-DRUG",
  "note": "Addresses reviewer critique E5: protein language model embeddings as L1",
  "config": {
    "esm_model": "esm2_t33_650M_UR50D",
    "checkpoint": "results/v3/best_model.pt",
    "n_targets": 10,
    "targets": [
      "egfr",
      "drd2",
      "adrb2",
      "bace1",
      "esr1",
      "hdac2",
      "jak2",
      "pparg",
      "cyp3a4",
      "fxa"
    ]
  },
  "sequences": {
    "egfr": {
      "accession": "P00533",
      "length": 1210
    },
    "drd2": {
      "accession": "P14416",
      "length": 443
    },
    "adrb2": {
      "accession": "P07550",
      "length": 413
    },
    "bace1": {
      "accession": "P56817",
      "length": 501
    },
    "esr1": {
      "accession": "P03372",
      "length": 595
    },
    "hdac2": {
      "accession": "Q92769",
      "length": 488
    },
    "jak2": {
      "accession": "O60674",
      "length": 1132
    },
    "pparg": {
      "accession": "P37231",
      "length": 505
    },
    "cyp3a4": {
      "accession": "P08684",
      "length": 503
    },
    "fxa": {
      "accession": "P00742",
      "length": 488
    }
  },
  "similarity_correlation": {
    "pearson_r": 0.10643636661264046,
    "pearson_p": 0.4865005294420444,
    "spearman_rho": 0.1555994729907773,
    "spearman_p": 0.3074185177970705,
    "esm_similarities": {
      "egfr-drd2": 0.7888033390045166,
      "egfr-adrb2": 0.7758386731147766,
      "egfr-bace1": 0.896173894405365,
      "egfr-esr1": 0.8012742400169373,
      "egfr-hdac2": 0.8016285300254822,
      "egfr-jak2": 0.7742921710014343,
      "egfr-pparg": 0.7674105763435364,
      "egfr-cyp3a4": 0.8545843958854675,
      "egfr-fxa": 0.8124794363975525,
      "drd2-adrb2": 0.9849249124526978,
      "drd2-bace1": 0.8005979061126709,
      "drd2-esr1": 0.9534735083580017,
      "drd2-hdac2": 0.9353561997413635,
      "drd2-jak2": 0.9565597176551819,
      "drd2-pparg": 0.957406222820282,
      "drd2-cyp3a4": 0.8811244368553162,
      "drd2-fxa": 0.9494379162788391,
      "adrb2-bace1": 0.7935898303985596,
      "adrb2-esr1": 0.9333623051643372,
      "adrb2-hdac2": 0.9187869429588318,
      "adrb2-jak2": 0.9459143280982971,
      "adrb2-pparg": 0.9397825002670288,
      "adrb2-cyp3a4": 0.8856065273284912,
      "adrb2-fxa": 0.9405233263969421,
      "bace1-esr1": 0.8237220644950867,
      "bace1-hdac2": 0.7825206518173218,
      "bace1-jak2": 0.7777799367904663,
      "bace1-pparg": 0.7794014811515808,
      "bace1-cyp3a4": 0.8165819048881531,
      "bace1-fxa": 0.8120396137237549,
      "esr1-hdac2": 0.9474155902862549,
      "esr1-jak2": 0.9650497436523438,
      "esr1-pparg": 0.9835121035575867,
      "esr1-cyp3a4": 0.8478835225105286,
      "esr1-fxa": 0.9504083395004272,
      "hdac2-jak2": 0.9695395231246948,
      "hdac2-pparg": 0.9648882150650024,
      "hdac2-cyp3a4": 0.8772792220115662,
      "hdac2-fxa": 0.9585798978805542,
      "jak2-pparg": 0.9823476672172546,
      "jak2-cyp3a4": 0.8718817830085754,
      "jak2-fxa": 0.9648293256759644,
      "pparg-cyp3a4": 0.8620681166648865,
      "pparg-fxa": 0.9605613946914673,
      "cyp3a4-fxa": 0.8846098184585571
    },
    "l1_similarities": {
      "egfr-drd2": 0.1198793351650238,
      "egfr-adrb2": 0.07625626027584076,
      "egfr-bace1": -0.014504997991025448,
      "egfr-esr1": 0.10516758263111115,
      "egfr-hdac2": -0.10428326576948166,
      "egfr-jak2": -0.09197969734668732,
      "egfr-pparg": -0.06061658263206482,
      "egfr-cyp3a4": -0.11849574744701385,
      "egfr-fxa": 0.17181603610515594,
      "drd2-adrb2": -0.17422161996364594,
      "drd2-bace1": -0.2517361342906952,
      "drd2-esr1": 0.013546246103942394,
      "drd2-hdac2": 0.0947503000497818,
      "drd2-jak2": 0.10577239096164703,
      "drd2-pparg": 0.21435970067977905,
      "drd2-cyp3a4": -0.1942211389541626,
      "drd2-fxa": -0.06367351859807968,
      "adrb2-bace1": -0.1313314437866211,
      "adrb2-esr1": 0.00843774527311325,
      "adrb2-hdac2": 0.13114601373672485,
      "adrb2-jak2": 0.20598778128623962,
      "adrb2-pparg": 0.15409637987613678,
      "adrb2-cyp3a4": -0.05250559747219086,
      "adrb2-fxa": 0.017315400764346123,
      "bace1-esr1": 0.07330730557441711,
      "bace1-hdac2": -0.03595855087041855,
      "bace1-jak2": -0.16040734946727753,
      "bace1-pparg": -0.09098394215106964,
      "bace1-cyp3a4": 0.3985772728919983,
      "bace1-fxa": 0.14780592918395996,
      "esr1-hdac2": -0.08507612347602844,
      "esr1-jak2": -0.07394514977931976,
      "esr1-pparg": 0.015968021005392075,
      "esr1-cyp3a4": -0.0672592744231224,
      "esr1-fxa": 0.20295453071594238,
      "hdac2-jak2": 0.20961269736289978,
      "hdac2-pparg": -0.1492258608341217,
      "hdac2-cyp3a4": -0.061635568737983704,
      "hdac2-fxa": 0.18309634923934937,
      "jak2-pparg": -0.06529728323221207,
      "jak2-cyp3a4": -0.2278706580400467,
      "jak2-fxa": 0.15588600933551788,
      "pparg-cyp3a4": 0.10072705149650574,
      "pparg-fxa": -0.3134228587150574,
      "cyp3a4-fxa": -0.2503787577152252
    },