{
  "checkpoint": "results/v2_full/best_model.pt",
  "n_seeds": 5,
  "per_target": {
    "egfr": {
      "correct_l1_id": 1606,
      "correct_aucs": [
        0.8933899999999999,
        0.9018619999999999,
        0.8847100000000001,
        0.886199,
        0.877985
      ],
      "generic_aucs": [
        0.6355,
        0.6697969999999999,
        0.6435825,
        0.652051,
        0.6602490000000001
      ],
      "mean_correct": 0.8888292,
      "std_correct": 0.008150303145282348,
      "mean_generic": 0.6522359,
      "std_generic": 0.012063232346266063,
      "mean_delta": 0.2365933,
      "std_delta": 0.013085802663956092,
      "ci_95_lower": 0.22512308823567256,
      "ci_95_upper": 0.24806351176432745,
      "t_statistic": 36.1603038156275,
      "p_value": 3.491499186820453e-06,
      "significant_005": true,
      "n_seeds": 5
    },
    "drd2": {
      "correct_l1_id": 1448,
      "correct_aucs": [
        0.978943,
        0.983088,
        0.980138,
        0.97922,
        0.97697
      ],
      "generic_aucs": [
        0.528869,
        0.558412,
        0.5251435,
        0.544271,
        0.558867
      ],
      "mean_correct": 0.9796717999999999,
      "std_correct": 0.0019961343040987836,
      "mean_generic": 0.5431125,
      "std_generic": 0.014208330978689935,
      "mean_delta": 0.4365593,
      "std_delta": 0.014191156470140121,
      "ci_95_lower": 0.4241202029057448,
      "ci_95_upper": 0.44899839709425515,
      "t_statistic": 61.52554246281092,
      "p_value": 4.1798911373640024e-07,
      "significant_005": true,
      "n_seeds": 5
    },
    "adrb2": {
      "correct_l1_id": 580,
      "correct_aucs": [
        0.808993288590604,
        0.8066062639821029,
        0.8220984340044742,
        0.8158881431767337,
        0.8142729306487695
      ],
      "generic_aucs": [
        0.3674384787472036,
        0.36516554809843393,
        0.37830201342281883,
        0.3622214765100671,
        0.378758389261745
      ],
      "mean_correct": 0.8135718120805369,
      "std_correct": 0.005441359684622265,
      "mean_generic": 0.3703771812080537,
      "std_generic": 0.006860907010226728,
      "mean_delta": 0.44319463087248323,
      "std_delta": 0.005912270119485201,
      "ci_95_lower": 0.4380122976201874,
      "ci_95_upper": 0.44837696412477906,
      "t_statistic": 149.92367463449844,
      "p_value": 1.1872483576323772e-08,
      "significant_005": true,
      "n_seeds": 5
    },
    "bace1": {
      "correct_l1_id": 516,
      "correct_aucs": [
        0.6772206185567011,
        0.6700144329896907,
        0.6603649484536083,
        0.6627484536082474,
        0.6673855670103093
      ],
      "generic_aucs": [
        0.6437134020618556,
        0.6345762886597939,
        0.6324886597938144,
        0.6284494845360824,
        0.6292721649484535
      ],
      "mean_correct": 0.6675468041237114,
      "std_correct": 0.005904254294088605,
      "mean_generic": 0.6336999999999999,
      "std_generic": 0.005471326779553932,
      "mean_delta": 0.033846804123711396,
      "std_delta": 0.0033675822015436277,
      "ci_95_lower": 0.03089498817650318,
      "ci_95_upper": 0.036798620070919615,
      "t_statistic": 20.101545915165335,
      "p_value": 3.614946636220832e-05,
      "significant_005": true,
      "n_seeds": 5
    },
    "esr1": {
      "correct_l1_id": 1628,
      "correct_aucs": [
        0.9094425837320573,
        0.9059649122807018,
        0.9025119617224883,
        0.9033939393939393,
        0.9156267942583732
      ],
      "generic_aucs": [
        0.4081658692185008,
        0.4097751196172249,
        0.4082934609250399,
        0.40554864433811805,
        0.41513556618819775
      ],
      "mean_correct": 0.9073880382775119,
      "std_correct": 0.004771844364645091,
      "mean_generic": 0.40938373205741624,
      "std_generic": 0.0031817152273958234,
      "mean_delta": 0.4980043062200957,
      "std_delta": 0.00262844071735236,
      "ci_95_lower": 0.4957003763495151,
      "ci_95_upper": 0.5003082360906764,
      "t_statistic": 378.9351632946378,
      "p_value": 2.9098557296493524e-10,
      "significant_005": true,
      "n_seeds": 5
    },
    "hdac2": {
      "correct_l1_id": 2177,
      "correct_aucs": [
        0.9156806722689075,
        0.9235294117647059,
        0.9190546218487395,
        0.9142394957983193,
        0.9210672268907564
      ],
      "generic_aucs": [
        0.31426470588235295,
        0.31783613445378156,
        0.3162268907563025,
        0.3371974789915967,
        0.31036974789915966
      ],
      "mean_correct": 0.9187142857142858,
      "std_correct": 0.003407760410410207,
      "mean_generic": 0.31917899159663865,
      "std_generic": 0.009348123140856705,
      "mean_delta": 0.599535294117647,
      "std_delta": 0.011686228833726173,
      "ci_95_lower": 0.5892918629050977,
      "ci_95_upper": 0.6097787253301964,
      "t_statistic": 102.60543459279228,
      "p_value": 5.4099696811373254e-08,
      "significant_005": true,
      "n_seeds": 5
    },
    "jak2": {
      "correct_l1_id": 4780,
      "correct_aucs": [
        0.9629738562091503,
        0.960640522875817,
        0.9654117647058824,
        0.9621437908496733,
        0.9614183006535947
      ],
      "generic_aucs": [
        0.48157516339869283,
        0.4967712418300654,
        0.4757843137254902,
        0.48075816993464054,
        0.4858562091503268
      ],
      "mean_correct": 0.9625176470588235,
      "std_correct": 0.0016404858991224012,
      "mean_generic": 0.4841490196078432,
      "std_generic": 0.007075675116213808,
      "mean_delta": 0.47836862745098035,
      "std_delta": 0.008522351120622731,
      "ci_95_lower": 0.47089845732891744,
      "ci_95_upper": 0.48583879757304327,
      "t_statistic": 112.26212595099597,
      "p_value": 3.775621940922785e-08,
      "significant_005": true,
      "n_seeds": 5
    },
    "pparg": {
      "correct_l1_id": 3307,
      "correct_aucs": [
        0.8127040110650069,
        0.8134882434301521,
        0.8043416320885202,
        0.8275836791147994,
        0.8235297372060859
      ],
      "generic_aucs": [
        0.46266113416320886,
        0.4850069156293223,
        0.4795255878284924,
        0.4795691562932227,
        0.49170677731673584
      ],
      "mean_correct": 0.8163294605809128,
      "std_correct": 0.008287651649781975,
      "mean_generic": 0.4796939142461964,
      "std_generic": 0.00961973345299933,
      "mean_delta": 0.3366355463347165,
      "std_delta": 0.010378733220481117,
      "ci_95_lower": 0.3275381855581947,
      "ci_95_upper": 0.3457329071112383,
      "t_statistic": 64.87025712741297,
      "p_value": 3.3828369445561403e-07,
      "significant_005": true,
      "n_seeds": 5
    },
    "cyp3a4": {
      "correct_l1_id": 810,
      "correct_aucs": [
        0.6700840840840842,
        0.6802462462462463,
        0.689048048048048,
        0.6687387387387387,
        0.6821021021021021
      ],
      "generic_aucs": [
        0.7991891891891891,
        0.7993483483483483,
        0.7935795795795796,
        0.7897717717717717,
        0.7883423423423425
      ],
      "mean_correct": 0.678043843843844,
      "std_correct": 0.007646637209267839,
      "mean_generic": 0.7940462462462463,
      "std_generic": 0.00459533629609765,
      "mean_delta": -0.11600240240240241,
      "std_delta": 0.009311035275436419,
      "ci_95_lower": -0.12416388466657793,
      "ci_95_upper": -0.10784092013822688,
      "t_statistic": -24.917186751172572,
      "p_value": 1.539948649354215e-05,
      "significant_005": true,
      "n_seeds": 5
    },
    "fxa": {
      "correct_l1_id": 1103,
      "correct_aucs": [
        0.8415797752808989,
        0.8451775280898877,
        0.8385415730337079,
        0.8431865168539325,
        0.8412606741573034
      ],