{
  "L0": {
    "config": {
      "use_l1": false,
      "use_l2": false,
      "use_l3": false
    },
    "mean_roc_auc": 0.7611234052198969,
    "std_roc_auc": 0.002065772923593415,
    "mean_pearson": 0.5335970628909696,
    "std_pearson": 0.0025381159448462746,
    "mean_r2": 0.2765035430590312,
    "std_r2": 0.0031519277966569723,
    "test_metrics": [
      {
        "mse": 1.3359425067901611,
        "mae": 0.922764241695404,
        "rmse": 1.1558297872543335,
        "pearson": 0.5370588058869213,
        "r2": 0.2807329297065735,
        "roc_auc": 0.7594158116514937,
        "ef_1pct": 1.478494623655914,
        "n_samples": 10000,
        "n_actives": 6696,
        "per_program_auc": {
          "0": 0.762975904786613,
          "1": 0.7761000997257541,
          "2": 0.7634079040386764,
          "3": 0.7524025845771847,
          "4": 0.706250264348856,
          "5": 0.7624819994871087,
          "6": 0.7474100087796313,
          "7": 0.7479594692287959,
          "8": 0.8021442303919646,
          "9": 0.7679128055030167
        }
      },
      {
        "mse": 1.3140352964401245,
        "mae": 0.9179638624191284,
        "rmse": 1.1463137865066528,
        "pearson": 0.5326879580245312,
        "r2": 0.2756079435348511,
        "roc_auc": 0.7599243455036001,
        "ef_1pct": 1.444149720011789,
        "n_samples": 10000,
        "n_actives": 6786,
        "per_program_auc": {
          "0": 0.758931316835404,
          "1": 0.7312219943798891,
          "2": 0.7750726409002859,
          "3": 0.7784748526936027,
          "4": 0.7865124926922302,
          "5": 0.7935299460383608,
          "6": 0.7516672744831872,
          "7": 0.7322334293948127,
          "8": 0.7503058614169725,
          "9": 0.7292781423523473
        }
      },
      {
        "mse": 1.3365907669067383,
        "mae": 0.9282432794570923,
        "rmse": 1.156110167503357,
        "pearson": 0.5310444247614562,
        "r2": 0.27316975593566895,
        "roc_auc": 0.7640300585045969,
        "ef_1pct": 1.4579384749963553,
        "n_samples": 10000,
        "n_actives": 6859,
        "per_program_auc": {
          "0": 0.715457276769619,
          "1": 0.7728360128617363,
          "2": 0.763351595110316,
          "3": 0.7771700516410771,
          "4": 0.7696582512315271,
          "5": 0.7501753393665158,
          "6": 0.7726541395790661,
          "7": 0.7748240034672196,
          "8": 0.7259563096236911,
          "9": 0.7774476099103662
        }
      }
    ]
  },
  "L0_L1": {
    "config": {
      "use_l1": true,
      "use_l2": false,
      "use_l3": false
    },
    "mean_roc_auc": 0.7725126903105375,
    "std_roc_auc": 0.004426583798129735,
    "mean_pearson": 0.5552378767801812,
    "std_pearson": 0.0017737646294832927,
    "mean_r2": 0.2976740797360738,
    "std_r2": 0.0030977134175224144,
    "test_metrics": [
      {
        "mse": 1.3048810958862305,
        "mae": 0.9083753824234009,
        "rmse": 1.1423139572143555,
        "pearson": 0.5541497052286634,
        "r2": 0.2974562644958496,
        "roc_auc": 0.7663090437788017,
        "ef_1pct": 1.478494623655914,
        "n_samples": 10000,
        "n_actives": 6696,
        "per_program_auc": {
          "0": 0.7750145933324686,
          "1": 0.7877399650959861,
          "2": 0.7579758728421245,
          "3": 0.7488163426539883,
          "4": 0.729401937148416,
          "5": 0.7573284279880852,
          "6": 0.7525856014047411,
          "7": 0.7744747090786129,
          "8": 0.7915751167261742,
          "9": 0.7789045742241572
        }
      },
      {
        "mse": 1.2669365406036377,
        "mae": 0.8962867259979248,
        "rmse": 1.1255828142166138,
        "pearson": 0.5577393264585038,
        "r2": 0.30157220363616943,
        "roc_auc": 0.7763411795689761,
        "ef_1pct": 1.4588859416445623,
        "n_samples": 10000,
        "n_actives": 6786,
        "per_program_auc": {
          "0": 0.7716008609595827,
          "1": 0.762747303865725,
          "2": 0.7727146942164007,
          "3": 0.7851628261784511,
          "4": 0.8143299374167393,
          "5": 0.8054353439831882,
          "6": 0.7711081170519547,
          "7": 0.7427233429394813,
          "8": 0.7659520631742853,
          "9": 0.7351309664030512
        }
      },
      {
        "mse": 1.2982969284057617,
        "mae": 0.9042410254478455,
        "rmse": 1.1394283771514893,
        "pearson": 0.5538245986533763,
        "r2": 0.2939937710762024,
        "roc_auc": 0.7748878475838348,
        "ef_1pct": 1.4579384749963553,
        "n_samples": 10000,
        "n_actives": 6859,
        "per_program_auc": {
          "0": 0.7382454031967312,
          "1": 0.7802392282958199,
          "2": 0.7550406231365534,
          "3": 0.7954032798438059,
          "4": 0.7777606732348112,
          "5": 0.7545673076923076,
          "6": 0.774307596402173,
          "7": 0.779134600742641,
          "8": 0.7418476740934091,
          "9": 0.7858779948298377
        }
      }
    ]
  },
  "L0_L1_L2": {
    "config": {
      "use_l1": true,
      "use_l2": true,
      "use_l3": false
    },
    "mean_roc_auc": 0.7763250206808386,
    "std_roc_auc": 0.0046587056611794376,
    "mean_pearson": 0.5621122577456062,
    "std_pearson": 0.002464641973822628,
    "mean_r2": 0.30537829796473187,
    "std_r2": 0.0041028696457562856,
    "test_metrics": [
      {
        "mse": 1.288461446762085,
        "mae": 0.8984968662261963,
        "rmse": 1.1351041793823242,
        "pearson": 0.5597001911582328,
        "r2": 0.30629658699035645,
        "roc_auc": 0.7699405982321852,
        "ef_1pct": 1.478494623655914,
        "n_samples": 10000,
        "n_actives": 6696,
        "per_program_auc": {
          "0": 0.7815199766506681,
          "1": 0.7839145474943904,
          "2": 0.7803060363503682,
          "3": 0.7595045286532547,
          "4": 0.7261187243581609,
          "5": 0.7701605744382853,
          "6": 0.772102721685689,
          "7": 0.7717316527133228,
          "8": 0.7867295091615334,
          "9": 0.7595230296178108
        }
      },
      {
        "mse": 1.2518649101257324,
        "mae": 0.8856256008148193,
        "rmse": 1.1188676357269287,
        "pearson": 0.5654973140250024,
        "r2": 0.309880793094635,
        "roc_auc": 0.7781084486875959,
        "ef_1pct": 1.4588859416445623,
        "n_samples": 10000,
        "n_actives": 6786,
        "per_program_auc": {
          "0": 0.7835472445876848,
          "1": 0.7642401458190932,
          "2": 0.7886438059219629,
          "3": 0.7729442866161615,
          "4": 0.8056157215284501,
          "5": 0.7986901390892415,
          "6": 0.7572211979388266,
          "7": 0.7558270893371758,
          "8": 0.7706873540206873,
          "9": 0.7635201076897189
        }
      },
      {
        "mse": 1.2873300313949585,
        "mae": 0.9001391530036926,
        "rmse": 1.1346056461334229,
        "pearson": 0.5611392680535836,
        "r2": 0.2999575138092041,
        "roc_auc": 0.7809260151227349,
        "ef_1pct": 1.4287797054964282,
        "n_samples": 10000,
        "n_actives": 6859,
        "per_program_auc": {
          "0": 0.7409830549212835,
          "1": 0.7799202572347267,
          "2": 0.7621496720333929,
          "3": 0.787828244318904,
          "4": 0.788141420361248,
          "5": 0.7670192307692307,
          "6": 0.7706414937512988,
          "7": 0.8088226681191506,
          "8": 0.7643889251421646,
          "9": 0.7930247226145741
        }
      }
    ]
  },
  "L0_L1_L2_L3": {
    "config": {
      "use_l1": true,
      "use_l2": true,
      "use_l3": true
    },
    "mean_roc_auc": 0.7698183462689673,
    "std_roc_auc": 0.006273566889711568,
    "mean_pearson": 0.5510553537385233,
    "std_pearson": 0.0060500715852295096,
    "mean_r2": 0.2867721915245056,
    "std_r2": 0.007695679540598727,
    "test_metrics": [
      {
        "mse": 1.3228474855422974,
        "mae": 0.912818193435669,