{
  "L0": {
    "config": {
      "use_l1": false,
      "use_l2": false,
      "use_l3": false
    },
    "mean_roc_auc": 0.7568297252380085,
    "std_roc_auc": 0.0,
    "mean_pearson": 0.5339064694842829,
    "std_pearson": 0.0,
    "mean_r2": 0.2777397632598877,
    "std_r2": 0.0,
    "test_metrics": [
      {
        "mse": 1.3415019512176514,
        "mae": 0.9252819418907166,
        "rmse": 1.1582322120666504,
        "pearson": 0.5339064694842829,
        "r2": 0.2777397632598877,
        "roc_auc": 0.7568297252380085,
        "ef_1pct": 1.4635603345280765,
        "n_samples": 10000,
        "n_actives": 6696,
        "per_program_auc": {
          "0": 0.7588776105850304,
          "1": 0.7621696584392921,
          "2": 0.7547695605573419,
          "3": 0.7538585254366412,
          "4": 0.7100198790339635,
          "5": 0.7671719961335884,
          "6": 0.752142230026339,
          "7": 0.7471898976236562,
          "8": 0.7928895123003885,
          "9": 0.7660372573674701
        }
      }
    ]
  },
  "L0_L1": {
    "config": {
      "use_l1": true,
      "use_l2": false,
      "use_l3": false
    },
    "mean_roc_auc": 0.7711787339700475,
    "std_roc_auc": 0.0,
    "mean_pearson": 0.5576330052687681,
    "std_pearson": 0.0,
    "mean_r2": 0.29958540201187134,
    "std_r2": 0.0,
    "test_metrics": [
      {
        "mse": 1.3009265661239624,
        "mae": 0.9079765677452087,
        "rmse": 1.140581727027893,
        "pearson": 0.5576330052687681,
        "r2": 0.29958540201187134,
        "roc_auc": 0.7711787339700475,
        "ef_1pct": 1.4934289127837514,
        "n_samples": 10000,
        "n_actives": 6696,
        "per_program_auc": {
          "0": 0.7778051627967312,
          "1": 0.794105272999252,
          "2": 0.7685913662174181,
          "3": 0.7719646736830226,
          "4": 0.7425506492407902,
          "5": 0.7685528573964848,
          "6": 0.7617822651448638,
          "7": 0.7581621230848161,
          "8": 0.7934976654765175,
          "9": 0.7704989486363973
        }
      }
    ]
  },
  "L0_L1_L2": {
    "config": {
      "use_l1": true,
      "use_l2": true,
      "use_l3": false
    },
    "mean_roc_auc": 0.7696967634177174,
    "std_roc_auc": 0.0,
    "mean_pearson": 0.5597113697774908,
    "std_pearson": 0.0,
    "mean_r2": 0.29970359802246094,
    "std_r2": 0.0,
    "test_metrics": [
      {
        "mse": 1.3007069826126099,
        "mae": 0.9023009538650513,
        "rmse": 1.140485405921936,
        "pearson": 0.5597113697774908,
        "r2": 0.29970359802246094,
        "roc_auc": 0.7696967634177174,
        "ef_1pct": 1.4934289127837514,
        "n_samples": 10000,
        "n_actives": 6696,
        "per_program_auc": {
          "0": 0.768129783370087,
          "1": 0.769368611318873,
          "2": 0.7813367996168843,
          "3": 0.7675912079230269,
          "4": 0.7378188047202132,
          "5": 0.7525003452153157,
          "6": 0.7748902546093065,
          "7": 0.7829458268230685,
          "8": 0.7876809746145094,
          "9": 0.7735394499096567
        }
      }
    ]
  },
  "L0_L1_L2_L3": {
    "config": {
      "use_l1": true,
      "use_l2": true,
      "use_l3": true
    },
    "mean_roc_auc": 0.7598656709509635,
    "std_roc_auc": 0.0,
    "mean_pearson": 0.5412569127805361,
    "std_pearson": 0.0,
    "mean_r2": 0.27885282039642334,
    "std_r2": 0.0,
    "test_metrics": [
      {
        "mse": 1.3394346237182617,
        "mae": 0.9156514406204224,
        "rmse": 1.1573394536972046,
        "pearson": 0.5412569127805361,
        "r2": 0.27885282039642334,
        "roc_auc": 0.7598656709509635,
        "ef_1pct": 1.4635603345280765,
        "n_samples": 10000,
        "n_actives": 6696,
        "per_program_auc": {
          "0": 0.7562897262939421,
          "1": 0.7717293069060083,
          "2": 0.7687669608446785,
          "3": 0.7532293106853645,
          "4": 0.72510891172863,
          "5": 0.7570917089144458,
          "6": 0.7591088674275681,
          "7": 0.7656829364986824,
          "8": 0.7826588064503472,
          "9": 0.766301419076702
        }
      }
    ]
  }
}