{
  "checkpoint": "checkpoints/pretrain/best_model.pt",
  "config": {
    "num_programs": 5,
    "num_assays": 50,
    "num_rounds": 150
  },
  "program_id": 0,
  "n_steps": 50,
  "results": [
    {
      "name": "Celecoxib",
      "smiles": "CC1=CC=C(C=C1)C2=CC(=NN2C3=CC=C(C=C3)S(=O)(=O)N)C(F)(F)F",
      "importance": [
        0.15018075704574585,
        0.3146597146987915,
        0.12610864639282227,
        0.1483987271785736,
        0.23505157232284546,
        0.21540150046348572,
        0.13568367063999176,
        0.45615679025650024,
        0.23168203234672546,
        0.4838605225086212,
        0.35785233974456787,
        0.5453987717628479,
        0.34119728207588196,
        0.03510593622922897,
        0.1781001091003418,
        0.29094475507736206,
        0.1896410584449768,
        0.09230029582977295,
        0.28789395093917847,
        0.26408660411834717,
        0.2462766021490097,
        0.46773773431777954,
        0.42248445749282837,
        0.21915119886398315,
        0.20824657380580902,
        0.37104400992393494
      ],
      "mean_importance": 0.2697940766811371,
      "max_importance": 0.5453987717628479,
      "std_importance": 0.12808474898338318,
      "n_atoms": 26,
      "top_atoms": [
        11,
        9,
        21,
        7,
        22
      ]
    },
    {
      "name": "Ibuprofen",
      "smiles": "CC(C)CC1=CC=C(C=C1)C(C)C(=O)O",
      "importance": [
        0.09890738874673843,
        0.5387611389160156,
        0.20549491047859192,
        0.3365654945373535,
        0.18924325704574585,
        0.10107601433992386,
        0.10117724537849426,
        0.2698100805282593,
        0.13920769095420837,
        0.11731262505054474,
        0.32314708828926086,
        0.34346768260002136,
        0.4024506211280823,
        0.15387336909770966,
        0.42749226093292236
      ],
      "mean_importance": 0.24986578524112701,
      "max_importance": 0.5387611389160156,
      "std_importance": 0.13467219471931458,
      "n_atoms": 15,
      "top_atoms": [
        1,
        14,
        12,
        11,
        3
      ]
    },
    {
      "name": "Aspirin",
      "smiles": "CC(=O)OC1=CC=CC=C1C(=O)O",
      "importance": [
        0.36039644479751587,
        0.34899091720581055,
        0.17882779240608215,
        0.8196268081665039,
        0.6388721466064453,
        0.3868579864501953,
        0.2126280665397644,
        0.3038027882575989,
        0.2255096435546875,
        0.37006720900535583,
        0.9049599170684814,
        0.3932727575302124,
        0.3586750626564026
      ],
      "mean_importance": 0.42326828837394714,
      "max_importance": 0.9049599170684814,
      "std_importance": 0.21693864464759827,
      "n_atoms": 13,
      "top_atoms": [
        10,
        3,
        4,
        11,
        5
      ]
    },
    {
      "name": "Caffeine",
      "smiles": "CN1C=NC2=C1C(=O)N(C(=O)N2C)C",
      "importance": [
        0.14953398704528809,
        0.6574937105178833,
        0.2975252568721771,
        0.3507987856864929,
        0.2806193232536316,
        0.5147741436958313,
        0.1851235181093216,
        0.23319202661514282,
        0.3329899311065674,
        0.24204382300376892,
        0.24112747609615326,
        0.6550312042236328,
        0.14707596600055695,
        0.1779373288154602
      ],
      "mean_importance": 0.31894761323928833,
      "max_importance": 0.6574937105178833,
      "std_importance": 0.1657043695449829,
      "n_atoms": 14,
      "top_atoms": [
        1,
        11,
        5,
        3,
        8
      ]
    },
    {
      "name": "Acetaminophen",
      "smiles": "CC(=O)NC1=CC=C(C=C1)O",
      "importance": [
        0.26071375608444214,
        0.3015305697917938,
        0.4994989335536957,
        0.840829610824585,
        0.2862153649330139,
        0.14117489755153656,
        0.06290614604949951,
        0.19848912954330444,
        0.17245805263519287,
        0.12490586191415787,
        0.6431722044944763
      ],
      "mean_importance": 0.3210813105106354,
      "max_importance": 0.840829610824585,
      "std_importance": 0.2307259440422058,
      "n_atoms": 11,
      "top_atoms": [
        3,
        10,
        2,
        1,
        4
      ]
    },
    {
      "name": "Metformin",
      "smiles": "CN(C)C(=N)NC(=N)N",
      "importance": [
        0.19445918500423431,
        0.7656642198562622,
        0.24771806597709656,
        1.0534636974334717,
        0.5207149982452393,
        0.3824780285358429,
        0.44626230001449585,
        0.24803631007671356,
        0.2432611882686615
      ],
      "mean_importance": 0.45578426122665405,
      "max_importance": 1.0534636974334717,
      "std_importance": 0.2713821530342102,
      "n_atoms": 9,
      "top_atoms": [
        3,
        1,
        4,
        6,
        5
      ]
    },
    {
      "name": "Atorvastatin",
      "smiles": "CC(C)C1=C(C(=C(N1CCC(CC(CC(=O)O)O)O)C2=CC=C(C=C2)F)C3=CC=CC=C3)C(=O)NC4=CC=CC=C4",
      "importance": [
        0.1650417447090149,
        0.27479466795921326,
        0.16195008158683777,
        0.968669056892395,
        0.4508647322654724,
        0.8943538665771484,
        0.639663577079773,
        1.100929856300354,
        0.48294293880462646,
        0.2885640263557434,
        0.28698673844337463,
        0.26128089427948,
        0.2184491753578186,
        0.28375256061553955,
        0.18162322044372559,
        0.14664214849472046,
        0.26437973976135254,
        0.2766503095626831,
        0.15368707478046417,
        0.1604381501674652,
        0.07563427090644836,
        0.06872427463531494,
        0.2544008195400238,
        0.07210063189268112,
        0.051664695143699646,
        0.40653347969055176,
        0.35610607266426086,
        0.13985861837863922,
        0.05545436963438988,
        0.1141396015882492,
        0.04792669788002968,
        0.1421036422252655,
        0.4568316340446472,
        0.2882128357887268,
        0.4183558523654938,
        0.1938198059797287,
        0.1416696459054947,
        0.10893359780311584,
        0.16642624139785767,
        0.10155875235795975,
        0.12783324718475342
      ],
      "mean_importance": 0.27926716208457947,
      "max_importance": 1.100929856300354,
      "std_importance": 0.24010275304317474,
      "n_atoms": 41,
      "top_atoms": [
        7,
        3,
        5,
        6,
        8
      ]
    }
  ]
}