{
  "checkpoint": "results/v3/best_model.pt",
  "n_seeds": 5,
  "per_target": {
    "egfr": {
      "correct_l1_id": 1606,
      "correct_aucs": [
        0.9618419999999999,
        0.9689169999999999,
        0.9610519999999999,
        0.9641564999999999,
        0.9674170000000001
      ],
      "generic_aucs": [
        0.8270195,
        0.8439015000000001,
        0.822049,
        0.8328054999999999,
        0.8363775
      ],
      "mean_correct": 0.9646769,
      "std_correct": 0.0030637875317979005,
      "mean_generic": 0.8324306,
      "std_generic": 0.00754132267178644,
      "mean_delta": 0.13224629999999993,
      "std_delta": 0.004622384629171391,
      "ci_95_lower": 0.1281946012304008,
      "ci_95_upper": 0.13629799876959905,
      "t_statistic": 57.21994624393963,
      "p_value": 5.585701055960766e-07,
      "significant_005": true,
      "n_seeds": 5
    },
    "drd2": {
      "correct_l1_id": 1448,
      "correct_aucs": [
        0.9871920000000001,
        0.986257,
        0.984232,
        0.981078,
        0.983084
      ],
      "generic_aucs": [
        0.9029705,
        0.907289,
        0.8945280000000001,
        0.9033280000000001,
        0.897898
      ],
      "mean_correct": 0.9843686,
      "std_correct": 0.0021924665196987915,
      "mean_generic": 0.9012027,
      "std_generic": 0.0044756614438538475,
      "mean_delta": 0.08316589999999997,
      "std_delta": 0.004356516594711875,
      "ci_95_lower": 0.07934724483765436,
      "ci_95_upper": 0.08698455516234559,
      "t_statistic": 38.17999917684247,
      "p_value": 2.8107615664634473e-06,
      "significant_005": true,
      "n_seeds": 5
    },
    "adrb2": {
      "correct_l1_id": 580,
      "correct_aucs": [
        0.7674093959731543,
        0.7660022371364653,
        0.777930648769575,
        0.7804787472035793,
        0.7825704697986577
      ],
      "generic_aucs": [
        0.7116062639821029,
        0.7159351230425056,
        0.7259619686800896,
        0.715413870246085,
        0.7222997762863534
      ],
      "mean_correct": 0.7748782997762863,
      "std_correct": 0.006847194132230215,
      "mean_generic": 0.7182434004474273,
      "std_generic": 0.005165587027755999,
      "mean_delta": 0.05663489932885901,
      "std_delta": 0.005475121258010117,
      "ci_95_lower": 0.051835743948216814,
      "ci_95_upper": 0.06143405470950121,
      "t_statistic": 20.688089508886037,
      "p_value": 3.22503963309768e-05,
      "significant_005": true,
      "n_seeds": 5
    },
    "bace1": {
      "correct_l1_id": 516,
      "correct_aucs": [
        0.6693113402061857,
        0.651278350515464,
        0.6485278350515464,
        0.654639175257732,
        0.656298969072165
      ],
      "generic_aucs": [
        0.7766927835051547,
        0.7559484536082475,
        0.7479134020618556,
        0.7504185567010309,
        0.7608597938144329
      ],
      "mean_correct": 0.6560111340206186,
      "std_correct": 0.007172999478736022,
      "mean_generic": 0.7583665979381443,
      "std_generic": 0.010201501738951662,
      "mean_delta": -0.1023554639175257,
      "std_delta": 0.004184418429578145,
      "ci_95_lower": -0.10602326838702285,
      "ci_95_upper": -0.09868765944802856,
      "t_statistic": -48.92219343744967,
      "p_value": 1.0445249694614421e-06,
      "significant_005": true,
      "n_seeds": 5
    },
    "esr1": {
      "correct_l1_id": 1628,
      "correct_aucs": [
        0.9140717703349281,
        0.9107846889952154,
        0.9132535885167464,
        0.9016220095693779,
        0.9067368421052633
      ],
      "generic_aucs": [
        0.7826124401913875,
        0.7772535885167463,
        0.7828947368421053,
        0.7731499202551835,
        0.7615757575757576
      ],
      "mean_correct": 0.9092937799043062,
      "std_correct": 0.004607083192209294,
      "mean_generic": 0.775497288676236,
      "std_generic": 0.007845398348915187,
      "mean_delta": 0.1337964912280702,
      "std_delta": 0.0059136005365907265,
      "ci_95_lower": 0.1286129918137645,
      "ci_95_upper": 0.13897999064237587,
      "t_statistic": 45.250432591852324,
      "p_value": 1.4264207131902098e-06,
      "significant_005": true,
      "n_seeds": 5
    },
    "hdac2": {
      "correct_l1_id": 2177,
      "correct_aucs": [
        0.9246470588235295,
        0.9250966386554622,
        0.9306176470588235,
        0.9311092436974789,
        0.9282058823529411
      ],
      "generic_aucs": [
        0.8284579831932772,
        0.8180840336134454,
        0.8410126050420168,
        0.8246848739495799,
        0.8251512605042017
      ],
      "mean_correct": 0.927935294117647,
      "std_correct": 0.0026911948057286752,
      "mean_generic": 0.8274781512605042,
      "std_generic": 0.007557880322876972,
      "mean_delta": 0.10045714285714284,
      "std_delta": 0.006653018395239003,
      "ci_95_lower": 0.09462551511331695,
      "ci_95_upper": 0.10628877060096874,
      "t_statistic": 30.198967412755522,
      "p_value": 7.161677900601726e-06,
      "significant_005": true,
      "n_seeds": 5
    },
    "jak2": {
      "correct_l1_id": 4780,
      "correct_aucs": [
        0.9056470588235294,
        0.9088169934640522,
        0.9119869281045753,
        0.9027908496732027,
        0.909437908496732
      ],
      "generic_aucs": [
        0.8564901960784315,
        0.8685424836601308,
        0.866235294117647,
        0.8580196078431372,
        0.8635032679738562
      ],
      "mean_correct": 0.9077359477124182,
      "std_correct": 0.0031922912188755087,
      "mean_generic": 0.8625581699346405,
      "std_generic": 0.00463994215274584,
      "mean_delta": 0.04517777777777776,
      "std_delta": 0.0028615582342869897,
      "ci_95_lower": 0.04266951139426929,
      "ci_95_upper": 0.04768604416128623,
      "t_statistic": 31.575648006362968,
      "p_value": 5.995753701644839e-06,
      "significant_005": true,
      "n_seeds": 5
    },
    "pparg": {
      "correct_l1_id": 3307,
      "correct_aucs": [
        0.8292614107883818,
        0.838661134163209,
        0.823222683264177,
        0.8415573997233747,
        0.8400373443983402
      ],
      "generic_aucs": [
        0.7584751037344399,
        0.7610055325034579,
        0.7687040110650069,
        0.7712392807745505,
        0.7686030428769018
      ],
      "mean_correct": 0.8345479944674967,
      "std_correct": 0.007104833336668057,
      "mean_generic": 0.7656053941908715,
      "std_generic": 0.004946266708371241,
      "mean_delta": 0.06894260027662513,
      "std_delta": 0.0076872098407373204,
      "ci_95_lower": 0.062204463762237094,
      "ci_95_upper": 0.07568073679101317,
      "t_statistic": 17.93696326885035,
      "p_value": 5.678187548717803e-05,
      "significant_005": true,
      "n_seeds": 5
    },
    "cyp3a4": {
      "correct_l1_id": 810,
      "correct_aucs": [
        0.6661171171171171,
        0.7036276276276276,
        0.7005495495495496,
        0.6733003003003003,
        0.6866156156156156
      ],
      "generic_aucs": [
        0.6536816816816816,
        0.6524774774774774,
        0.647051051051051,
        0.6408138138138137,
        0.653864864864865
      ],
      "mean_correct": 0.6860420420420421,
      "std_correct": 0.014692883971431796,
      "mean_generic": 0.6495777777777778,
      "std_generic": 0.005036284614800885,
      "mean_delta": 0.0364642642642643,
      "std_delta": 0.014918698963043741,
      "ci_95_lower": 0.023387448057513503,
      "ci_95_upper": 0.0495410804710151,
      "t_statistic": 4.888397353494797,
      "p_value": 0.008111396930012083,
      "significant_005": true,
      "n_seeds": 5
    },
    "fxa": {
      "correct_l1_id": 1103,
      "correct_aucs": [
        0.8533561797752809,
        0.8600921348314606,
        0.8434943820224718,
        0.8512584269662921,
        0.8597932584269664
      ],