{
  "L0": {
    "n_programs": 10,
    "n_assays": 50,
    "n_rounds": 20,
    "analyses": {
      "programs": {
        "gamma_mean": 0.8052880167961121,
        "gamma_std": 0.9890337586402893,
        "gamma_min": -1.7291202545166016,
        "gamma_max": 4.993319511413574,
        "gamma_dev_from_1": 0.8173848986625671,
        "beta_mean": -0.032093871384859085,
        "beta_std": 0.08323799073696136,
        "beta_min": -0.40122681856155396,
        "beta_max": 0.23677578568458557,
        "beta_dev_from_0": 0.0676436796784401,
        "gamma_var_across_contexts": 1.2535341511465958e-06,
        "beta_var_across_contexts": 3.166968781442847e-06,
        "is_learning_gamma": true,
        "is_learning_beta": true,
        "is_context_dependent": false
      },
      "pairwise_distances": [
        [
          0.0,
          0.10150825189732487,
          0.1371258083519158,
          0.09979905753113484,
          0.10028145671267655,
          0.1260188716769614,
          0.11389994820712918,
          0.0708042089461844,
          0.097057660655149,
          0.1328980586877109
        ],
        [
          0.10150825189732487,
          0.0,
          0.06300171907267269,
          0.03603629045274249,
          0.04512235410058865,
          0.0634455316559311,
          0.03382558931910078,
          0.06270463380012155,
          0.06219508267368948,
          0.05728566888410303
        ],
        [
          0.1371258083519158,
          0.06300171907267269,
          0.0,
          0.05931456566245619,
          0.052622162823008044,
          0.04312159965208444,
          0.04786455550454022,
          0.0826951608193575,
          0.07212063952067384,
          0.03367063359890657
        ],
        [
          0.09979905753113484,
          0.03603629045274249,
          0.05931456566245619,
          0.0,
          0.051152391305474526,
          0.07144577358954979,
          0.0340763403430016,
          0.06298523182551402,
          0.06823180024512274,
          0.05405707109665268
        ],
        [
          0.10028145671267655,
          0.04512235410058865,
          0.052622162823008044,
          0.051152391305474526,
          0.0,
          0.03933542611153125,
          0.04530999481708145,
          0.04988359054762048,
          0.04064244122418785,
          0.05093526422387931
        ],
        [
          0.1260188716769614,
          0.0634455316559311,
          0.04312159965208444,
          0.07144577358954979,
          0.03933542611153125,
          0.0,
          0.05828804317621133,
          0.06867748408013645,
          0.050489732559041406,
          0.04617762142138439
        ],
        [
          0.11389994820712918,
          0.03382558931910078,
          0.04786455550454022,
          0.0340763403430016,
          0.04530999481708145,
          0.05828804317621133,
          0.0,
          0.07104259743047135,
          0.07140275845171619,
          0.04166582462870162
        ],
        [
          0.0708042089461844,
          0.06270463380012155,
          0.0826951608193575,
          0.06298523182551402,
          0.04988359054762048,
          0.06867748408013645,
          0.07104259743047135,
          0.0,
          0.04494563394624212,
          0.08195942288906248
        ],
        [
          0.097057660655149,
          0.06219508267368948,
          0.07212063952067384,
          0.06823180024512274,
          0.04064244122418785,
          0.050489732559041406,
          0.07140275845171619,
          0.04494563394624212,
          0.0,
          0.07009825100410126
        ],
        [
          0.1328980586877109,
          0.05728566888410303,
          0.03367063359890657,
          0.05405707109665268,
          0.05093526422387931,
          0.04617762142138439,
          0.04166582462870162,
          0.08195942288906248,
          0.07009825100410126,
          0.0
        ]
      ],
      "assays_sample": {
        "n_sampled": 10,
        "gamma_var": 6.22864149590896e-07,
        "beta_var": 5.864129661858897e-07
      }
    },
    "config": {
      "use_l1": false,
      "use_l2": false,
      "use_l3": false,
      "n_programs": 10,
      "n_assays": 50,
      "n_rounds": 20
    }
  },
  "L0_L1": {
    "n_programs": 10,
    "n_assays": 50,
    "n_rounds": 20,
    "analyses": {
      "programs": {
        "gamma_mean": 0.6776267886161804,
        "gamma_std": 0.7876794934272766,
        "gamma_min": -2.9621946811676025,
        "gamma_max": 4.130303859710693,
        "gamma_dev_from_1": 0.6891750693321228,
        "beta_mean": -0.06455360352993011,
        "beta_std": 0.0847974568605423,
        "beta_min": -0.3518981337547302,
        "beta_max": 0.21710914373397827,
        "beta_dev_from_0": 0.08431410789489746,
        "gamma_var_across_contexts": 0.28219136595726013,
        "beta_var_across_contexts": 0.0009671251173131168,
        "is_learning_gamma": true,
        "is_learning_beta": true,
        "is_context_dependent": true
      },