{
  "egfr": {
    "name": "egfr",
    "n_total": 205632,
    "n_actives": 4032,
    "baseline_rate": 0.0196078431372549,
    "roc_auc": 0.8248359053908021,
    "partial_auc_10": 0.3988688581624779,
    "partial_auc_5": 0.2918826225513353,
    "bedroc_20": 0.3716513344391727,
    "bedroc_80": 0.2993785180771207,
    "rie_20": 6.777400937358934,
    "average_precision": 0.17674482224607094,
    "ap_lift": 9.013985934549618,
    "best_f1": 0.24527305371681066,
    "ef_0.1%_ef": 32.09268292682927,
    "ef_0.1%_hits": 129,
    "ef_0.1%_hitrate": 0.6292682926829268,
    "ef_0.5%_ef": 20.24124513618677,
    "ef_0.5%_hits": 408,
    "ef_0.5%_hitrate": 0.3968871595330739,
    "ef_1%_ef": 15.999513618677042,
    "ef_1%_hits": 645,
    "ef_1%_hitrate": 0.313715953307393,
    "ef_2%_ef": 12.167071984435799,
    "ef_2%_hits": 981,
    "ef_2%_hitrate": 0.23857003891050585,
    "ef_5%_ef": 7.986577181208054,
    "ef_5%_hits": 1610,
    "ef_5%_hitrate": 0.15659955257270694,
    "ef_10%_ef": 5.5159266643972185,
    "ef_10%_hits": 2224,
    "ef_10%_hitrate": 0.10815542479210231,
    "ef_20%_ef": 3.487137090891407,
    "ef_20%_hits": 2812,
    "ef_20%_hitrate": 0.0683752370763021,
    "auac": 0.8184740530326715,
    "recovery_0.1%": 3.199404761904762,
    "recovery_0.5%": 10.119047619047619,
    "recovery_1%": 15.997023809523808,
    "recovery_2%": 24.330357142857142,
    "recovery_5%": 39.93055555555556,
    "recovery_10%": 55.158730158730165,
    "recovery_20%": 69.7420634920635
  },
  "drd2": {
    "name": "drd2",
    "n_total": 164373,
    "n_actives": 3223,
    "baseline_rate": 0.0196078431372549,
    "roc_auc": 0.9042644595368247,
    "partial_auc_10": 0.5275424589917584,
    "partial_auc_5": 0.39947025957261684,
    "bedroc_20": 0.49761356849340554,
    "bedroc_80": 0.413720351014196,
    "rie_20": 8.73562214760226,
    "average_precision": 0.2836185509619102,
    "ap_lift": 14.46454609905742,
    "best_f1": 0.3285758609490692,
    "ef_0.1%_ef": 40.11585365853659,
    "ef_0.1%_hits": 129,
    "ef_0.1%_hitrate": 0.7865853658536586,
    "ef_0.5%_ef": 27.953714981729597,
    "ef_0.5%_hits": 450,
    "ef_0.5%_hitrate": 0.5481120584652862,
    "ef_1%_ef": 22.007912355447353,
    "ef_1%_hits": 709,
    "ef_1%_hitrate": 0.43152769324406576,
    "ef_2%_ef": 16.570733191359903,
    "ef_2%_hits": 1068,
    "ef_2%_hitrate": 0.3249163370854883,
    "ef_5%_ef": 10.33901192504259,
    "ef_5%_hits": 1666,
    "ef_5%_hitrate": 0.20272572402044292,
    "ef_10%_ef": 6.885015513779886,
    "ef_10%_hits": 2219,
    "ef_10%_hitrate": 0.13500030419176248,
    "ef_20%_ef": 4.16234714363935,
    "ef_20%_hits": 2683,
    "ef_20%_hitrate": 0.08161464987528137,
    "auac": 0.896343482418006,
    "recovery_0.1%": 4.002482159478746,
    "recovery_0.5%": 13.962147067949115,
    "recovery_1%": 21.99813838039094,
    "recovery_2%": 33.136829041265905,
    "recovery_5%": 51.69097114489606,
    "recovery_10%": 68.8488985417313,
    "recovery_20%": 83.24542351846105
  },
  "adrb2": {
    "name": "adrb2",
    "n_total": 15702,
    "n_actives": 447,
    "baseline_rate": 0.0284677111196026,
    "roc_auc": 0.709681206220574,
    "partial_auc_10": 0.17794803772115647,
    "partial_auc_5": 0.10587059511056263,
    "bedroc_20": 0.15491391045824687,
    "bedroc_80": 0.10717684104145028,
    "rie_20": 3.2083628328977785,
    "average_precision": 0.07483179948095223,
    "ap_lift": 2.6286552918342547,
    "best_f1": 0.14073494915020418,
    "ef_0.1%_ef": 9.367337807606264,
    "ef_0.1%_hits": 4,
    "ef_0.1%_hitrate": 0.26666666666666666,
    "ef_0.5%_ef": 5.404233350542076,
    "ef_0.5%_hits": 12,
    "ef_0.5%_hitrate": 0.15384615384615385,
    "ef_1%_ef": 4.922327191895011,
    "ef_1%_hits": 22,
    "ef_1%_hitrate": 0.14012738853503184,
    "ef_2%_ef": 4.810456119351943,
    "ef_2%_hits": 43,
    "ef_2%_hitrate": 0.13694267515923567,
    "ef_5%_ef": 3.4903774633437354,
    "ef_5%_hits": 78,
    "ef_5%_hitrate": 0.09936305732484077,
    "ef_10%_ef": 2.998144744154234,
    "ef_10%_hits": 134,
    "ef_10%_hitrate": 0.08535031847133757,
    "ef_20%_ef": 2.494724917710426,
    "ef_20%_hits": 223,
    "ef_20%_hitrate": 0.07101910828025478,
    "auac": 0.7036993107362889,
    "recovery_0.1%": 0.8948545861297539,
    "recovery_0.5%": 2.684563758389262,
    "recovery_1%": 4.921700223713646,
    "recovery_2%": 9.619686800894854,
    "recovery_5%": 17.449664429530202,
    "recovery_10%": 29.977628635346754,
    "recovery_20%": 49.88814317673378
  },
  "bace1": {
    "name": "bace1",
    "n_total": 18706,
    "n_actives": 485,
    "baseline_rate": 0.025927509889874908,
    "roc_auc": 0.7627396054286518,
    "partial_auc_10": 0.12913614459808187,
    "partial_auc_5": 0.06077048290830168,
    "bedroc_20": 0.09621267545530292,
    "bedroc_80": 0.04514957318897251,
    "rie_20": 2.405573027185769,
    "average_precision": 0.058892276039283306,
    "ap_lift": 2.2714204445171826,
    "best_f1": 0.11834051233590237,
    "ef_0.1%_ef": 4.28545246277205,
    "ef_0.1%_hits": 2,
    "ef_0.1%_hitrate": 0.1111111111111111,
    "ef_0.5%_ef": 2.488327236448287,
    "ef_0.5%_hits": 6,
    "ef_0.5%_hitrate": 0.06451612903225806,
    "ef_1%_ef": 3.0937758421081645,
    "ef_1%_hits": 15,
    "ef_1%_hitrate": 0.08021390374331551,
    "ef_2%_ef": 2.475020673686532,
    "ef_2%_hits": 24,
    "ef_2%_hitrate": 0.06417112299465241,
    "ef_5%_ef": 2.3925199845636476,
    "ef_5%_hits": 58,
    "ef_5%_hitrate": 0.06203208556149733,
    "ef_10%_ef": 2.3306444677214837,
    "ef_10%_hits": 113,
    "ef_10%_hitrate": 0.06042780748663101,
    "ef_20%_ef": 2.4949787393524527,
    "ef_20%_hits": 242,
    "ef_20%_hitrate": 0.06468858593958834,
    "auac": 0.7558781514503864,
    "recovery_0.1%": 0.4123711340206186,
    "recovery_0.5%": 1.2371134020618557,
    "recovery_1%": 3.0927835051546393,
    "recovery_2%": 4.948453608247423,
    "recovery_5%": 11.958762886597938,
    "recovery_10%": 23.298969072164947,
    "recovery_20%": 49.896907216494846
  },
  "esr1": {
    "name": "esr1",
    "n_total": 21445,
    "n_actives": 627,
    "baseline_rate": 0.029237584518535788,
    "roc_auc": 0.7764801592536701,
    "partial_auc_10": 0.34500186395560334,
    "partial_auc_5": 0.2550953099567406,
    "bedroc_20": 0.334231373406387,
    "bedroc_80": 0.31403661921130466,
    "rie_20": 5.729210708102178,
    "average_precision": 0.1742716757473649,
    "ap_lift": 5.96053602297008,
    "best_f1": 0.2740094022346571,
    "ef_0.1%_ef": 13.029543555859345,
    "ef_0.1%_hits": 8,
    "ef_0.1%_hitrate": 0.38095238095238093,
    "ef_0.5%_ef": 15.34320082278764,
    "ef_0.5%_hits": 48,
    "ef_0.5%_hitrate": 0.4485981308411215,
    "ef_1%_ef": 12.626175677085662,
    "ef_1%_hits": 79,
    "ef_1%_hitrate": 0.3691588785046729,
    "ef_2%_ef": 10.228800548525093,
    "ef_2%_hits": 128,
    "ef_2%_hitrate": 0.29906542056074764,
    "ef_5%_ef": 7.114896510271609,
    "ef_5%_hits": 223,
    "ef_5%_hitrate": 0.2080223880597015,
    "ef_10%_ef": 4.674136048227761,
    "ef_10%_hits": 293,
    "ef_10%_hitrate": 0.13666044776119404,
    "ef_20%_ef": 3.094098883572568,
    "ef_20%_hits": 388,
    "ef_20%_hitrate": 0.09046397761716017,
    "auac": 0.7683975140589981,
    "recovery_0.1%": 1.2759170653907497,
    "recovery_0.5%": 7.655502392344498,
    "recovery_1%": 12.599681020733652,
    "recovery_2%": 20.414673046251995,
    "recovery_5%": 35.56618819776715,
    "recovery_10%": 46.730462519936204,
    "recovery_20%": 61.88197767145136
  },
  "hdac2": {
    "name": "hdac2",
    "n_total": 10604,
    "n_actives": 238,
    "baseline_rate": 0.022444360618634477,
    "roc_auc": 0.8241199817762335,
    "partial_auc_10": 0.37937536581292747,
    "partial_auc_5": 0.27313761699933686,
    "bedroc_20": 0.3611904381907519,
    "bedroc_80": 0.302305449625635,
    "rie_20": 6.463815495572719,
    "average_precision": 0.17267032082003306,
    "ap_lift": 7.693260848637103,
    "best_f1": 0.2453987729561703,
    "ef_0.1%_ef": 22.277310924369747,
    "ef_0.1%_hits": 5,
    "ef_0.1%_hitrate": 0.5,