{
  "egfr": {
    "name": "egfr",
    "n_total": 205632,
    "n_actives": 4032,
    "baseline_rate": 0.0196078431372549,
    "roc_auc": 0.8703184678819443,
    "partial_auc_10": 0.46674117599875586,
    "partial_auc_5": 0.3382282390676178,
    "bedroc_20": 0.43320117516217066,
    "bedroc_80": 0.3372288968650643,
    "rie_20": 7.7342146702594805,
    "average_precision": 0.21361170267464558,
    "ap_lift": 10.894196836406925,
    "best_f1": 0.2788820501989366,
    "ef_0.1%_ef": 33.58536585365854,
    "ef_0.1%_hits": 135,
    "ef_0.1%_hitrate": 0.6585365853658537,
    "ef_0.5%_ef": 21.8784046692607,
    "ef_0.5%_hits": 441,
    "ef_0.5%_hitrate": 0.428988326848249,
    "ef_1%_ef": 17.66147859922179,
    "ef_1%_hits": 712,
    "ef_1%_hitrate": 0.3463035019455253,
    "ef_2%_ef": 13.667801556420233,
    "ef_2%_hits": 1102,
    "ef_2%_hitrate": 0.26799610894941633,
    "ef_5%_ef": 9.281295593813832,
    "ef_5%_hits": 1871,
    "ef_5%_hitrate": 0.1819861881139967,
    "ef_10%_ef": 6.35174828575597,
    "ef_10%_hits": 2561,
    "ef_10%_hitrate": 0.12454408403443078,
    "ef_20%_ef": 3.897607353012693,
    "ef_20%_hits": 3143,
    "ef_20%_hitrate": 0.07642367358848418,
    "auac": 0.8630602131139876,
    "recovery_0.1%": 3.3482142857142856,
    "recovery_0.5%": 10.9375,
    "recovery_1%": 17.658730158730158,
    "recovery_2%": 27.331349206349202,
    "recovery_5%": 46.40376984126984,
    "recovery_10%": 63.51686507936508,
    "recovery_20%": 77.95138888888889
  },
  "drd2": {
    "name": "drd2",
    "n_total": 164373,
    "n_actives": 3223,
    "baseline_rate": 0.0196078431372549,
    "roc_auc": 0.9227117303503009,
    "partial_auc_10": 0.5921403609970957,
    "partial_auc_5": 0.4683419253621267,
    "bedroc_20": 0.558371426211472,
    "bedroc_80": 0.4699886327889243,
    "rie_20": 9.680137240896986,
    "average_precision": 0.34061205179142656,
    "ap_lift": 17.371214641362755,
    "best_f1": 0.37681159415370385,
    "ef_0.1%_ef": 45.40243902439025,
    "ef_0.1%_hits": 146,
    "ef_0.1%_hitrate": 0.8902439024390244,
    "ef_0.5%_ef": 31.370280146163214,
    "ef_0.5%_hits": 505,
    "ef_0.5%_hitrate": 0.6151035322777101,
    "ef_1%_ef": 24.67741935483871,
    "ef_1%_hits": 795,
    "ef_1%_hitrate": 0.4838709677419355,
    "ef_2%_ef": 18.74292668086401,
    "ef_2%_hits": 1208,
    "ef_2%_hitrate": 0.36750836629145117,
    "ef_5%_ef": 11.698101727914334,
    "ef_5%_hits": 1885,
    "ef_5%_hitrate": 0.22937454368459478,
    "ef_10%_ef": 7.452819857638255,
    "ef_10%_hits": 2402,
    "ef_10%_hitrate": 0.14613372269878933,
    "ef_20%_ef": 4.367129038145647,
    "ef_20%_hits": 2815,
    "ef_20%_hitrate": 0.08562998114011072,
    "auac": 0.9144249676615515,
    "recovery_0.1%": 4.52994104871238,
    "recovery_0.5%": 15.668631709587341,
    "recovery_1%": 24.66645982004344,
    "recovery_2%": 37.48060812907229,
    "recovery_5%": 58.485882717964635,
    "recovery_10%": 74.52683834936394,
    "recovery_20%": 87.34098665839281
  },
  "adrb2": {
    "name": "adrb2",
    "n_total": 15702,
    "n_actives": 447,
    "baseline_rate": 0.0284677111196026,
    "roc_auc": 0.7390860956579315,
    "partial_auc_10": 0.1752526219078059,
    "partial_auc_5": 0.09768169309655325,
    "bedroc_20": 0.14531593974748924,
    "bedroc_80": 0.0813505171152678,
    "rie_20": 3.0715002812585617,
    "average_precision": 0.07427925990907272,
    "ap_lift": 2.609245948752259,
    "best_f1": 0.13935764830286,
    "ef_0.1%_ef": 9.367337807606264,
    "ef_0.1%_hits": 4,
    "ef_0.1%_hitrate": 0.26666666666666666,
    "ef_0.5%_ef": 4.053175012906557,
    "ef_0.5%_hits": 9,
    "ef_0.5%_hitrate": 0.11538461538461539,
    "ef_1%_ef": 2.4611635959475056,
    "ef_1%_hits": 11,
    "ef_1%_hitrate": 0.07006369426751592,
    "ef_2%_ef": 4.474842901722737,
    "ef_2%_hits": 40,
    "ef_2%_hitrate": 0.12738853503184713,
    "ef_5%_ef": 3.445629034326508,
    "ef_5%_hits": 77,
    "ef_5%_hitrate": 0.0980891719745223,
    "ef_10%_ef": 3.0428931731714615,
    "ef_10%_hits": 136,
    "ef_10%_hitrate": 0.08662420382165605,
    "ef_20%_ef": 2.4499764886931987,
    "ef_20%_hits": 219,
    "ef_20%_hitrate": 0.0697452229299363,
    "auac": 0.7322465226932149,
    "recovery_0.1%": 0.8948545861297539,
    "recovery_0.5%": 2.013422818791946,
    "recovery_1%": 2.460850111856823,
    "recovery_2%": 8.94854586129754,
    "recovery_5%": 17.225950782997764,
    "recovery_10%": 30.42505592841163,
    "recovery_20%": 48.99328859060403
  },
  "bace1": {
    "name": "bace1",
    "n_total": 18706,
    "n_actives": 485,
    "baseline_rate": 0.025927509889874908,
    "roc_auc": 0.7737485409663823,
    "partial_auc_10": 0.11735411219749273,
    "partial_auc_5": 0.04476199151652931,
    "bedroc_20": 0.08551965781583598,
    "bedroc_80": 0.017744529350134996,
    "rie_20": 2.249299101316878,
    "average_precision": 0.058491575020737305,
    "ap_lift": 2.2559657780163134,
    "best_f1": 0.1205194804974596,
    "ef_0.1%_ef": 0.0,
    "ef_0.1%_hits": 0,
    "ef_0.1%_hitrate": 0.0,
    "ef_0.5%_ef": 1.6588848242988583,
    "ef_0.5%_hits": 4,
    "ef_0.5%_hitrate": 0.043010752688172046,
    "ef_1%_ef": 1.4437620596504768,
    "ef_1%_hits": 7,
    "ef_1%_hitrate": 0.0374331550802139,
    "ef_2%_ef": 1.3406361982468713,
    "ef_2%_hits": 13,
    "ef_2%_hitrate": 0.034759358288770054,
    "ef_5%_ef": 2.2275186063178785,
    "ef_5%_hits": 54,
    "ef_5%_hitrate": 0.057754010695187166,
    "ef_10%_ef": 2.495645845967253,
    "ef_10%_hits": 121,
    "ef_10%_hitrate": 0.06470588235294118,
    "ef_20%_ef": 2.4949787393524527,
    "ef_20%_hits": 242,
    "ef_20%_hitrate": 0.06468858593958834,
    "auac": 0.7666489389258201,
    "recovery_0.1%": 0.0,
    "recovery_0.5%": 0.8247422680412372,
    "recovery_1%": 1.443298969072165,
    "recovery_2%": 2.6804123711340204,
    "recovery_5%": 11.134020618556702,
    "recovery_10%": 24.948453608247423,
    "recovery_20%": 49.896907216494846
  },
  "esr1": {
    "name": "esr1",
    "n_total": 21445,
    "n_actives": 627,
    "baseline_rate": 0.029237584518535788,
    "roc_auc": 0.775644673522775,
    "partial_auc_10": 0.3211990819501526,
    "partial_auc_5": 0.235685809253218,
    "bedroc_20": 0.31513353876845585,
    "bedroc_80": 0.2997642653359015,
    "rie_20": 5.458959034054541,
    "average_precision": 0.16106055529323796,
    "ap_lift": 5.508681990850858,
    "best_f1": 0.24492753618230087,
    "ef_0.1%_ef": 9.77215766689451,
    "ef_0.1%_hits": 6,
    "ef_0.1%_hitrate": 0.2857142857142857,
    "ef_0.5%_ef": 14.703900788504823,
    "ef_0.5%_hits": 46,
    "ef_0.5%_hitrate": 0.42990654205607476,
    "ef_1%_ef": 13.425300719939186,
    "ef_1%_hits": 84,
    "ef_1%_hitrate": 0.3925233644859813,
    "ef_2%_ef": 9.989063035669037,
    "ef_2%_hits": 125,
    "ef_2%_hitrate": 0.29205607476635514,
    "ef_5%_ef": 6.412978468899522,
    "ef_5%_hits": 201,
    "ef_5%_hitrate": 0.1875,
    "ef_10%_ef": 4.418893124092456,
    "ef_10%_hits": 277,
    "ef_10%_hitrate": 0.12919776119402984,
    "ef_20%_ef": 3.0303030303030303,
    "ef_20%_hits": 380,
    "ef_20%_hitrate": 0.08859874096525996,
    "auac": 0.7675688670583812,
    "recovery_0.1%": 0.9569377990430622,
    "recovery_0.5%": 7.336523125996811,
    "recovery_1%": 13.397129186602871,
    "recovery_2%": 19.936204146730464,
    "recovery_5%": 32.057416267942585,
    "recovery_10%": 44.1786283891547,
    "recovery_20%": 60.60606060606061
  },
  "hdac2": {
    "name": "hdac2",
    "n_total": 10604,
    "n_actives": 238,
    "baseline_rate": 0.022444360618634477,
    "roc_auc": 0.8511179891597773,
    "partial_auc_10": 0.4074649346522325,
    "partial_auc_5": 0.28925770578345167,
    "bedroc_20": 0.38585247227795166,
    "bedroc_80": 0.3136506834673675,
    "rie_20": 6.83694844631133,
    "average_precision": 0.19296101693109904,
    "ap_lift": 8.597305140913338,
    "best_f1": 0.2612903225333424,
    "ef_0.1%_ef": 22.277310924369747,
    "ef_0.1%_hits": 5,
    "ef_0.1%_hitrate": 0.5,
    "ef_0.5%_ef": 20.17567781829713,
    "ef_0.5%_hits": 24,