{
  "egfr": {
    "name": "egfr",
    "n_total": 205632,
    "n_actives": 4032,
    "baseline_rate": 0.0196078431372549,
    "roc_auc": 0.8283793140737198,
    "partial_auc_10": 0.3934878240937579,
    "partial_auc_5": 0.2843147675736961,
    "bedroc_20": 0.366328584543239,
    "bedroc_80": 0.2941226553957775,
    "rie_20": 6.694656934492305,
    "average_precision": 0.17265717085190985,
    "ap_lift": 8.805515713447402,
    "best_f1": 0.23872737241363784,
    "ef_0.1%_ef": 29.10731707317073,
    "ef_0.1%_hits": 117,
    "ef_0.1%_hitrate": 0.5707317073170731,
    "ef_0.5%_ef": 19.794747081712064,
    "ef_0.5%_hits": 399,
    "ef_0.5%_hitrate": 0.38813229571984437,
    "ef_1%_ef": 15.701848249027238,
    "ef_1%_hits": 633,
    "ef_1%_hitrate": 0.30787937743190663,
    "ef_2%_ef": 11.80739299610895,
    "ef_2%_hits": 952,
    "ef_2%_hitrate": 0.23151750972762647,
    "ef_5%_ef": 7.917128683980157,
    "ef_5%_hits": 1596,
    "ef_5%_hitrate": 0.15523781733294426,
    "ef_10%_ef": 5.473763555901376,
    "ef_10%_hits": 2207,
    "ef_10%_hitrate": 0.10732869717453679,
    "ef_20%_ef": 3.478456450906969,
    "ef_20%_hits": 2805,
    "ef_20%_hitrate": 0.06820502844915625,
    "auac": 0.8219500286852781,
    "recovery_0.1%": 2.9017857142857144,
    "recovery_0.5%": 9.895833333333332,
    "recovery_1%": 15.699404761904761,
    "recovery_2%": 23.61111111111111,
    "recovery_5%": 39.58333333333333,
    "recovery_10%": 54.73710317460318,
    "recovery_20%": 69.56845238095238
  },
  "drd2": {
    "name": "drd2",
    "n_total": 164373,
    "n_actives": 3223,
    "baseline_rate": 0.0196078431372549,
    "roc_auc": 0.9149402443979815,
    "partial_auc_10": 0.5696758165331423,
    "partial_auc_5": 0.44981113773761333,
    "bedroc_20": 0.542537628290371,
    "bedroc_80": 0.4611992144216436,
    "rie_20": 9.433991940809957,
    "average_precision": 0.3253234061569768,
    "ap_lift": 16.591493714005818,
    "best_f1": 0.36564931173941106,
    "ef_0.1%_ef": 41.04878048780488,
    "ef_0.1%_hits": 132,
    "ef_0.1%_hitrate": 0.8048780487804879,
    "ef_0.5%_ef": 31.18392204628502,
    "ef_0.5%_hits": 502,
    "ef_0.5%_hitrate": 0.6114494518879415,
    "ef_1%_ef": 24.95678636640292,
    "ef_1%_hits": 804,
    "ef_1%_hitrate": 0.4893487522824102,
    "ef_2%_ef": 18.417097657438394,
    "ef_2%_hits": 1187,
    "ef_2%_hitrate": 0.3611195619105567,
    "ef_5%_ef": 11.307130688732052,
    "ef_5%_hits": 1822,
    "ef_5%_hitrate": 0.22170844487709906,
    "ef_10%_ef": 7.26044898704143,
    "ef_10%_hits": 2340,
    "ef_10%_hitrate": 0.14236174484394962,
    "ef_20%_ef": 4.300419784632233,
    "ef_20%_hits": 2772,
    "ef_20%_hitrate": 0.08432195656141632,
    "auac": 0.9068064310095415,
    "recovery_0.1%": 4.09556313993174,
    "recovery_0.5%": 15.575550729134346,
    "recovery_1%": 24.94570276140242,
    "recovery_2%": 36.82904126590134,
    "recovery_5%": 56.53118212845175,
    "recovery_10%": 72.6031647533354,
    "recovery_20%": 86.00682593856655
  },
  "adrb2": {
    "name": "adrb2",
    "n_total": 15702,
    "n_actives": 447,
    "baseline_rate": 0.0284677111196026,
    "roc_auc": 0.7048155993890586,
    "partial_auc_10": 0.17919455754778754,
    "partial_auc_5": 0.10445249549603057,
    "bedroc_20": 0.15364044910345326,
    "bedroc_80": 0.10444069861481127,
    "rie_20": 3.190203872458814,
    "average_precision": 0.07435021242217846,
    "ap_lift": 2.6117383343468594,
    "best_f1": 0.14259597802964538,
    "ef_0.1%_ef": 9.367337807606264,
    "ef_0.1%_hits": 4,
    "ef_0.1%_hitrate": 0.26666666666666666,
    "ef_0.5%_ef": 4.503527792118396,
    "ef_0.5%_hits": 10,
    "ef_0.5%_hitrate": 0.1282051282051282,
    "ef_1%_ef": 4.698585046808875,
    "ef_1%_hits": 21,
    "ef_1%_hitrate": 0.1337579617834395,
    "ef_2%_ef": 3.803616466464327,
    "ef_2%_hits": 34,
    "ef_2%_hitrate": 0.10828025477707007,
    "ef_5%_ef": 3.311383747274826,
    "ef_5%_hits": 74,
    "ef_5%_hitrate": 0.09426751592356689,
    "ef_10%_ef": 3.0428931731714615,
    "ef_10%_hits": 136,
    "ef_10%_hitrate": 0.08662420382165605,
    "ef_20%_ef": 2.371666737913051,
    "ef_20%_hits": 212,
    "ef_20%_hitrate": 0.06751592356687898,
    "auac": 0.6989846831236249,
    "recovery_0.1%": 0.8948545861297539,
    "recovery_0.5%": 2.237136465324385,
    "recovery_1%": 4.697986577181208,
    "recovery_2%": 7.606263982102908,
    "recovery_5%": 16.55480984340045,
    "recovery_10%": 30.42505592841163,
    "recovery_20%": 47.427293064876956
  },
  "bace1": {
    "name": "bace1",
    "n_total": 18706,
    "n_actives": 485,
    "baseline_rate": 0.025927509889874908,
    "roc_auc": 0.7674114551183437,
    "partial_auc_10": 0.14436271278693386,
    "partial_auc_5": 0.06878321546963201,
    "bedroc_20": 0.10824446873722833,
    "bedroc_80": 0.04104783697608155,
    "rie_20": 2.5814125922931517,
    "average_precision": 0.0598902089223642,
    "ap_lift": 2.3099097899005043,
    "best_f1": 0.11488673136004496,
    "ef_0.1%_ef": 0.0,
    "ef_0.1%_hits": 0,
    "ef_0.1%_hitrate": 0.0,
    "ef_0.5%_ef": 1.6588848242988583,
    "ef_0.5%_hits": 4,
    "ef_0.5%_hitrate": 0.043010752688172046,
    "ef_1%_ef": 2.6812723964937426,
    "ef_1%_hits": 13,
    "ef_1%_hitrate": 0.06951871657754011,
    "ef_2%_ef": 2.1656430894757155,
    "ef_2%_hits": 21,
    "ef_2%_hitrate": 0.05614973262032086,
    "ef_5%_ef": 2.7637730856166267,
    "ef_5%_hits": 67,
    "ef_5%_hitrate": 0.07165775401069518,
    "ef_10%_ef": 2.7018975687744637,
    "ef_10%_hits": 131,
    "ef_10%_hitrate": 0.07005347593582888,
    "ef_20%_ef": 2.4228099328422577,
    "ef_20%_hits": 235,
    "ef_20%_hitrate": 0.0628174284950548,
    "auac": 0.7604941244939327,
    "recovery_0.1%": 0.0,
    "recovery_0.5%": 0.8247422680412372,
    "recovery_1%": 2.6804123711340204,
    "recovery_2%": 4.329896907216495,
    "recovery_5%": 13.814432989690722,
    "recovery_10%": 27.010309278350515,
    "recovery_20%": 48.45360824742268
  },
  "esr1": {
    "name": "esr1",
    "n_total": 21445,
    "n_actives": 627,
    "baseline_rate": 0.029237584518535788,
    "roc_auc": 0.7782319940586319,
    "partial_auc_10": 0.33686343387968,
    "partial_auc_5": 0.25696845892931264,
    "bedroc_20": 0.3345261724180547,
    "bedroc_80": 0.33350497527357437,
    "rie_20": 5.733382381379345,
    "average_precision": 0.17821300159029682,
    "ap_lift": 6.0953394244081585,
    "best_f1": 0.2686567163679216,
    "ef_0.1%_ef": 8.14346472241209,
    "ef_0.1%_hits": 5,
    "ef_0.1%_hitrate": 0.23809523809523808,
    "ef_0.5%_ef": 16.621800891353278,
    "ef_0.5%_hits": 52,
    "ef_0.5%_hitrate": 0.48598130841121495,
    "ef_1%_ef": 15.66285083992905,
    "ef_1%_hits": 98,
    "ef_1%_hitrate": 0.45794392523364486,
    "ef_2%_ef": 10.628363069951856,
    "ef_2%_hits": 133,
    "ef_2%_hitrate": 0.3107476635514019,
    "ef_5%_ef": 6.763937489585565,
    "ef_5%_hits": 212,
    "ef_5%_hitrate": 0.19776119402985073,
    "ef_10%_ef": 4.578419951677022,
    "ef_10%_hits": 287,
    "ef_10%_hitrate": 0.13386194029850745,
    "ef_20%_ef": 3.1180223285486446,
    "ef_20%_hits": 391,
    "ef_20%_hitrate": 0.09116344136162276,
    "auac": 0.7700808380773039,
    "recovery_0.1%": 0.7974481658692184,
    "recovery_0.5%": 8.293460925039872,
    "recovery_1%": 15.629984051036683,
    "recovery_2%": 21.21212121212121,
    "recovery_5%": 33.811802232854866,
    "recovery_10%": 45.77352472089314,
    "recovery_20%": 62.36044657097288
  },
  "hdac2": {
    "name": "hdac2",
    "n_total": 10604,
    "n_actives": 238,
    "baseline_rate": 0.022444360618634477,
    "roc_auc": 0.8343165357981897,
    "partial_auc_10": 0.4188345220395702,
    "partial_auc_5": 0.31932124576629795,
    "bedroc_20": 0.3972778083510801,
    "bedroc_80": 0.33798476475389094,
    "rie_20": 7.009812101720816,
    "average_precision": 0.20308309782715203,
    "ap_lift": 9.048290627559329,
    "best_f1": 0.287390029280075,
    "ef_0.1%_ef": 26.7327731092437,
    "ef_0.1%_hits": 6,
    "ef_0.1%_hitrate": 0.6,
    "ef_0.5%_ef": 21.856984303155226,