{
  "timestamp": "2026-02-01T00:23:33.325949",
  "description": "Per-target ChEMBL RF baseline for DUD-E evaluation",
  "note": "Addresses reviewer critiques E1 (per-target models) and E2 (simple one-hot encoding)",
  "config": {
    "radius": 2,
    "n_bits": 2048,
    "n_estimators": 500,
    "n_seeds": 5,
    "active_threshold": 6.0,
    "inactive_threshold": 5.0
  },
  "per_target_rf": {
    "egfr": {
      "n_train_active": 5925,
      "n_train_inactive": 680,
      "n_train_valid_fps": 6605,
      "n_dude_actives": 4032,
      "n_dude_decoys": 201600,
      "mean_auc": 0.9962883701223545,
      "std_auc": 5.576653362269488e-05,
      "per_seed_auc": [
        0.9963663878456475,
        0.9963261332455435,
        0.9962494064104229,
        0.9962921996055367,
        0.9962077235046218
      ]
    },
    "drd2": {
      "n_train_active": 9409,
      "n_train_inactive": 350,
      "n_train_valid_fps": 9759,
      "n_dude_actives": 3223,
      "n_dude_decoys": 161150,
      "mean_auc": 0.9933708239789466,
      "std_auc": 0.00020714208673162278,
      "per_seed_auc": [
        0.9935218727789298,
        0.9935635045927749,
        0.9929791112186311,
        0.9933967616983461,
        0.9933928696060516
      ]
    },
    "adrb2": {
      "n_train_active": 1015,
      "n_train_inactive": 210,
      "n_train_valid_fps": 1225,
      "n_dude_actives": 447,
      "n_dude_decoys": 15255,
      "mean_auc": 0.8823574182961249,
      "std_auc": 0.0031251177709374794,
      "per_seed_auc": [
        0.8832622450408676,
        0.8792997784860944,
        0.8871340089470794,
        0.8785549462273345,
        0.8835361127792479
      ]
    },
    "bace1": {
      "n_train_active": 5997,
      "n_train_inactive": 759,
      "n_train_valid_fps": 6756,
      "n_dude_actives": 485,
      "n_dude_decoys": 18221,
      "mean_auc": 0.9776156773904813,
      "std_auc": 0.000364347309808095,
      "per_seed_auc": [
        0.9772466571651494,
        0.9779667394085334,
        0.9781101108554364,
        0.97752966583816,
        0.9772252136851272
      ]
    },
    "esr1": {
      "n_train_active": 2805,
      "n_train_inactive": 403,
      "n_train_valid_fps": 3208,
      "n_dude_actives": 627,
      "n_dude_decoys": 20818,
      "mean_auc": 0.995797910132671,
      "std_auc": 0.0001870051034084374,
      "per_seed_auc": [
        0.9961400490282379,
        0.9958068660064907,
        0.9956842494449121,
        0.9957703223639585,
        0.9955880638197561
      ]
    },
    "hdac2": {
      "n_train_active": 1436,
      "n_train_inactive": 161,
      "n_train_valid_fps": 1597,
      "n_dude_actives": 238,
      "n_dude_decoys": 10366,
      "mean_auc": 0.950806044972494,
      "std_auc": 0.0013737870750131903,
      "per_seed_auc": [
        0.9500340074289412,
        0.9487245795481998,
        0.9507259106613898,
        0.9525878072625924,
        0.9519579199613475
      ]
    },
    "jak2": {
      "n_train_active": 5517,
      "n_train_inactive": 89,
      "n_train_valid_fps": 5606,
      "n_dude_actives": 153,
      "n_dude_decoys": 6590,
      "mean_auc": 0.9590834796235136,
      "std_auc": 0.0013166288764413314,
      "per_seed_auc": [
        0.9606236424767176,
        0.9603553611631805,
        0.9591785930355956,
        0.9581005087922877,
        0.9571592926497863
      ]
    },
    "pparg": {
      "n_train_active": 2281,
      "n_train_inactive": 282,
      "n_train_valid_fps": 2563,
      "n_dude_actives": 723,
      "n_dude_decoys": 25866,
      "mean_auc": 0.9101872839901869,
      "std_auc": 0.0012364370576698734,
      "per_seed_auc": [
        0.9087556423097272,
        0.9097893238254525,
        0.9095204094215116,
        0.9104672779456287,
        0.9124037664486155
      ]
    },
    "cyp3a4": {
      "n_train_active": 67,
      "n_train_inactive": 219,
      "n_train_valid_fps": 286,
      "n_dude_actives": 333,
      "n_dude_decoys": 16650,
      "mean_auc": 0.23773263353443533,
      "std_auc": 0.007142903730468875,
      "per_seed_auc": [
        0.2352905157409662,
        0.2327698870041212,
        0.22887004121238355,
        0.24847901956010066,
        0.24325370415460507
      ]
    },
    "fxa": {
      "n_train_active": 4508,
      "n_train_inactive": 576,
      "n_train_valid_fps": 5084,
      "n_dude_actives": 445,
      "n_dude_decoys": 22250,
      "mean_auc": 0.8441198434541095,
      "std_auc": 0.0008176995900130325,
      "per_seed_auc": [
        0.8434576442368389,
        0.8430242646130539,
        0.8441675041030173,
        0.8446286074990532,
        0.8453211968185835
      ]
    }
  },
  "global_rf_onehot": {
    "egfr": {
      "mean_auc": 0.9957703968450806,
      "std_auc": 3.671264439186305e-05,
      "per_seed_auc": [
        0.9957350675006693,
        0.9957551129899298,
        0.9958210100446429
      ]
    },
    "drd2": {
      "mean_auc": 0.9952218657867054,
      "std_auc": 0.00010389095297760416,
      "per_seed_auc": [
        0.9953436944687333,
        0.9950898295479215,
        0.9952320733434614
      ]
    },
    "adrb2": {
      "mean_auc": 0.8542428235287218,
      "std_auc": 0.002975363488352554,
      "per_seed_auc": [
        0.8540928012013519,
        0.850676090356556,
        0.8579595790282573
      ]
    },
    "bace1": {
      "mean_auc": 0.9490290743036386,
      "std_auc": 0.00218085081597004,
      "per_seed_auc": [
        0.9512216277015814,
        0.9498112804020737,
        0.9460543148072604
      ]
    },
    "esr1": {
      "mean_auc": 0.9754560281406986,
      "std_auc": 0.0014925848435723423,
      "per_seed_auc": [
        0.9735370783135622,
        0.9771770396217359,
        0.9756539664867983
      ]
    },
    "hdac2": {
      "mean_auc": 0.879308080554236,
      "std_auc": 0.0033979765556674045,
      "per_seed_auc": [
        0.87713225363462,
        0.8766853741303583,
        0.8841066138977297
      ]
    },
    "jak2": {
      "mean_auc": 0.9803835612815351,
      "std_auc": 0.0019245104686820354,
      "per_seed_auc": [
        0.9826995745187301,
        0.977987543019231,
        0.9804635663066441
      ]
    },
    "pparg": {
      "mean_auc": 0.9077335376419741,
      "std_auc": 0.00419254134851345,
      "per_seed_auc": [
        0.9114566038244345,
        0.9018757327770457,
        0.9098682763244422
      ]
    },
    "cyp3a4": {
      "mean_auc": 0.42848301755208656,
      "std_auc": 0.005354762720338497,
      "per_seed_auc": [
        0.4350220490761031,
        0.42852122392662934,
        0.4219057796535274
      ]
    },
    "fxa": {
      "mean_auc": 0.8555815174851661,
      "std_auc": 0.0007570542555784546,
      "per_seed_auc": [
        0.8559194041156419,
        0.8562923873248327,
        0.8545327610150233
      ]
    }
  },
  "nestdrug_v3_generic": {
    "egfr": 0.899,
    "drd2": 0.934,
    "adrb2": 0.763,
    "bace1": 0.842,
    "esr1": 0.817,
    "hdac2": 0.901,
    "jak2": 0.862,
    "pparg": 0.748,
    "cyp3a4": 0.782,
    "fxa": 0.846
  },
  "nestdrug_v3_correct": {
    "egfr": 0.965,
    "drd2": 0.984,
    "adrb2": 0.775,
    "bace1": 0.656,
    "esr1": 0.909,
    "hdac2": 0.928,
    "jak2": 0.908,
    "pparg": 0.835,
    "cyp3a4": 0.686,
    "fxa": 0.854
  },
  "summary": {
    "per_target_rf_mean": 0.8747359485495318,
    "global_rf_onehot_mean": 0.8821209903119843,
    "nestdrug_v3_generic_mean": 0.8394,
    "nestdrug_v3_correct_mean": 0.85
  }
}