{
  "checkpoint": "results/v4/best_model.pt",
  "n_seeds": 5,
  "per_target": {
    "egfr": {
      "correct_l1_id": 1606,
      "correct_aucs": [
        0.9710890000000001,
        0.9792489999999999,
        0.9717279999999999,
        0.975966,
        0.975782
      ],
      "generic_aucs": [
        0.879011,
        0.8983669999999999,
        0.8794759999999999,
        0.8800610000000001,
        0.886836
      ],
      "mean_correct": 0.9747628,
      "std_correct": 0.003010623417167919,
      "mean_generic": 0.8847502,
      "std_generic": 0.007382574114765088,
      "mean_delta": 0.09001260000000003,
      "std_delta": 0.00506964809824112,
      "ci_95_lower": 0.08556885751428951,
      "ci_95_upper": 0.09445634248571054,
      "t_statistic": 35.510393721895326,
      "p_value": 3.7535026681155633e-06,
      "significant_005": true,
      "n_seeds": 5
    },
    "drd2": {
      "correct_l1_id": 1448,
      "correct_aucs": [
        0.9755560000000001,
        0.9770169999999999,
        0.973484,
        0.969907,
        0.974697
      ],
      "generic_aucs": [
        0.879291,
        0.8879429999999999,
        0.8706640000000001,
        0.8876000000000001,
        0.8828969999999999
      ],
      "mean_correct": 0.9741322,
      "std_correct": 0.002405857635023323,
      "mean_generic": 0.8816789999999999,
      "std_generic": 0.006368865362056212,
      "mean_delta": 0.09245319999999999,
      "std_delta": 0.006881735228850356,
      "ci_95_lower": 0.08642109311225311,
      "ci_95_upper": 0.09848530688774686,
      "t_statistic": 26.869153469435343,
      "p_value": 1.1406057255354543e-05,
      "significant_005": true,
      "n_seeds": 5
    },
    "adrb2": {
      "correct_l1_id": 580,
      "correct_aucs": [
        0.8507181208053691,
        0.8595346756152125,
        0.85134451901566,
        0.8665033557046979,
        0.8544988814317673
      ],
      "generic_aucs": [
        0.6863747203579419,
        0.685069351230425,
        0.684109619686801,
        0.6926979865771812,
        0.6975637583892618
      ],
      "mean_correct": 0.8565199105145413,
      "std_correct": 0.0058870703414627855,
      "mean_generic": 0.6891630872483222,
      "std_generic": 0.005160193557965205,
      "mean_delta": 0.1673568232662192,
      "std_delta": 0.006477992744086928,
      "ci_95_lower": 0.16167861226987593,
      "ci_95_upper": 0.17303503426256248,
      "t_statistic": 51.66934569940094,
      "p_value": 8.397222992099353e-07,
      "significant_005": true,
      "n_seeds": 5
    },
    "bace1": {
      "correct_l1_id": 516,
      "correct_aucs": [
        0.732736082474227,
        0.7219546391752577,
        0.7212865979381443,
        0.7354474226804124,
        0.720358762886598
      ],
      "generic_aucs": [
        0.8562474226804123,
        0.8517298969072166,
        0.8487567010309279,
        0.8638659793814434,
        0.8513051546391752
      ],
      "mean_correct": 0.7263567010309278,
      "std_correct": 0.006393701332457171,
      "mean_generic": 0.8543810309278351,
      "std_generic": 0.005321095350947196,
      "mean_delta": -0.1280243298969072,
      "std_delta": 0.002546913891123173,
      "ci_95_lower": -0.13025679835351606,
      "ci_95_upper": -0.12579186144029836,
      "t_statistic": -100.53290795822647,
      "p_value": 5.869915599900746e-08,
      "significant_005": true,
      "n_seeds": 5
    },
    "esr1": {
      "correct_l1_id": 1628,
      "correct_aucs": [
        0.9353939393939392,
        0.9338771929824562,
        0.9344242424242425,
        0.9338086124401913,
        0.9306172248803828
      ],
      "generic_aucs": [
        0.6736698564593302,
        0.6711977671451355,
        0.6747799043062201,
        0.6698915470494418,
        0.6821100478468899
      ],
      "mean_correct": 0.9336242424242425,
      "std_correct": 0.0016069821505738905,
      "mean_generic": 0.6743298245614036,
      "std_generic": 0.004258593546617427,
      "mean_delta": 0.25929441786283886,
      "std_delta": 0.0055716681597324305,
      "ci_95_lower": 0.25441063539157155,
      "ci_95_upper": 0.26417820033410616,
      "t_statistic": 93.07604488609422,
      "p_value": 7.98850358666912e-08,
      "significant_005": true,
      "n_seeds": 5
    },
    "hdac2": {
      "correct_l1_id": 2177,
      "correct_aucs": [
        0.9009873949579832,
        0.8928697478991597,
        0.9052016806722689,
        0.9007731092436975,
        0.8999033613445379
      ],
      "generic_aucs": [
        0.8913151260504201,
        0.8873949579831932,
        0.8933865546218487,
        0.891936974789916,
        0.8938613445378152
      ],
      "mean_correct": 0.8999470588235294,
      "std_correct": 0.003986626361535105,
      "mean_generic": 0.8915789915966386,
      "std_generic": 0.0022882453238145155,
      "mean_delta": 0.008368067226890808,
      "std_delta": 0.0023487787312006818,
      "ci_95_lower": 0.006309271895319199,
      "ci_95_upper": 0.010426862558462417,
      "t_statistic": 7.125462365382627,
      "p_value": 0.002050792490860368,
      "significant_005": true,
      "n_seeds": 5
    },
    "jak2": {
      "correct_l1_id": 4780,
      "correct_aucs": [
        0.8999738562091503,
        0.9081960784313726,
        0.8946209150326798,
        0.9011307189542483,
        0.9008496732026144
      ],
      "generic_aucs": [
        0.8469869281045751,
        0.8633725490196078,
        0.845562091503268,
        0.8491960784313726,
        0.8606601307189543
      ],
      "mean_correct": 0.900954248366013,
      "std_correct": 0.004325701340157585,
      "mean_generic": 0.8531555555555554,
      "std_generic": 0.00737693329056037,
      "mean_delta": 0.047798692810457545,
      "std_delta": 0.004740517784389372,
      "ci_95_lower": 0.04364344576479655,
      "ci_95_upper": 0.05195393985611854,
      "t_statistic": 20.166021934506684,
      "p_value": 3.569308610182806e-05,
      "significant_005": true,
      "n_seeds": 5
    },
    "pparg": {
      "correct_l1_id": 3307,
      "correct_aucs": [
        0.7782261410788381,
        0.7814834024896266,
        0.7774910096818811,
        0.7765325034578148,
        0.7901161825726142
      ],
      "generic_aucs": [
        0.6719681881051176,
        0.6664149377593361,
        0.6645684647302905,
        0.6658236514522821,
        0.6762475795297371
      ],
      "mean_correct": 0.780769847856155,
      "std_correct": 0.004960633917942898,
      "mean_generic": 0.6690045643153526,
      "std_generic": 0.004421485886751831,
      "mean_delta": 0.11176528354080226,
      "std_delta": 0.003102287879456742,
      "ci_95_lower": 0.10904600831978059,
      "ci_95_upper": 0.11448455876182392,
      "t_statistic": 72.05345724418977,
      "p_value": 2.2231792639165288e-07,
      "significant_005": true,
      "n_seeds": 5
    },
    "cyp3a4": {
      "correct_l1_id": 810,
      "correct_aucs": [
        0.7283933933933935,
        0.7394204204204204,
        0.7571141141141141,
        0.7377807807807808,
        0.7425225225225226
      ],
      "generic_aucs": [
        0.7878828828828829,
        0.7817267267267266,
        0.7869009009009009,
        0.7755750750750752,
        0.785105105105105
      ],
      "mean_correct": 0.7410462462462463,
      "std_correct": 0.009314043473177167,
      "mean_generic": 0.783438138138138,
      "std_generic": 0.004456050951658567,
      "mean_delta": -0.04239189189189183,
      "std_delta": 0.009720062858042933,
      "ci_95_lower": -0.050911902639984546,
      "ci_95_upper": -0.03387188114379912,
      "t_statistic": -8.722555092699707,
      "p_value": 0.0009515877202562054,
      "significant_005": true,
      "n_seeds": 5
    },
    "fxa": {
      "correct_l1_id": 1103,
      "correct_aucs": [
        0.8519101123595506,
        0.8571460674157302,
        0.8530022471910113,
        0.8540651685393258,
        0.8610786516853932
      ],