{
  "egfr": {
    "target": "egfr",
    "n_actives": 4032,
    "n_decoys": 201600,
    "support_sizes": {
      "10": {
        "zero_shot": {
          "mean": 0.8135054046996361,
          "std": 0.00010386793322569826
        },
        "l1_adapted": {
          "mean": 0.8402137379209395,
          "std": 0.010586661078413186
        },
        "full_finetune": {
          "mean": 0.9566771986756338,
          "std": 0.004284677286426701
        },
        "l1_improvement": 0.026708333221303393,
        "full_improvement": 0.14317179397599777,
        "efficiency": 0.18654745099988723
      },
      "25": {
        "zero_shot": {
          "mean": 0.8135008257852284,
          "std": 0.00017115012056942902
        },
        "l1_adapted": {
          "mean": 0.843327085946363,
          "std": 0.012546326600429349
        },
        "full_finetune": {
          "mean": 0.9719294312797905,
          "std": 0.0022963130210842874
        },
        "l1_improvement": 0.029826260161134543,
        "full_improvement": 0.15842860549456206,
        "efficiency": 0.18826309849806958
      },
      "50": {
        "zero_shot": {
          "mean": 0.8134113896641395,
          "std": 0.0004021001061654786
        },
        "l1_adapted": {
          "mean": 0.8258678287803259,
          "std": 0.02235981425504253
        },
        "full_finetune": {
          "mean": 0.9781619605681948,
          "std": 0.0022286676165756336
        },
        "l1_improvement": 0.012456439116186435,
        "full_improvement": 0.16475057090405532,
        "efficiency": 0.07560786616903808
      },
      "100": {
        "zero_shot": {
          "mean": 0.8133859865017118,
          "std": 0.0002595939610285303
        },
        "l1_adapted": {
          "mean": 0.8377198934828393,
          "std": 0.01567917723160406
        },
        "full_finetune": {
          "mean": 0.9794488963327771,
          "std": 0.0036531361617217037
        },
        "l1_improvement": 0.024333906981127473,
        "full_improvement": 0.1660629098310653,
        "efficiency": 0.14653426828352095
      }
    }
  },
  "drd2": {
    "target": "drd2",
    "n_actives": 3223,
    "n_decoys": 161150,
    "support_sizes": {
      "10": {
        "zero_shot": {
          "mean": 0.9191299485331347,
          "std": 0.00011571014068475122
        },
        "l1_adapted": {
          "mean": 0.9010515771131312,
          "std": 0.01417492404946779
        },
        "full_finetune": {
          "mean": 0.9220790317607238,
          "std": 0.005786449174165832
        },
        "l1_improvement": -0.01807837142000346,
        "full_improvement": 0.002949083227589133,
        "efficiency": -6.13016657206466
      },
      "25": {
        "zero_shot": {
          "mean": 0.9191928155899093,
          "std": 7.411034893748743e-05
        },
        "l1_adapted": {
          "mean": 0.9011460624876584,
          "std": 0.010405984110666696
        },
        "full_finetune": {
          "mean": 0.9755175996505444,
          "std": 0.0035917100982929065
        },
        "l1_improvement": -0.0180467531022509,
        "full_improvement": 0.056324784060635125,
        "efficiency": -0.3204051893536439
      },
      "50": {
        "zero_shot": {
          "mean": 0.9191790071397601,
          "std": 0.0001590425381465961
        },
        "l1_adapted": {
          "mean": 0.8968588345214893,
          "std": 0.00552000565868884
        },
        "full_finetune": {
          "mean": 0.9789912712716943,
          "std": 0.005103715742649001
        },
        "l1_improvement": -0.022320172618270795,
        "full_improvement": 0.05981226413193419,
        "efficiency": -0.37317050177262723
      },
      "100": {
        "zero_shot": {
          "mean": 0.9189984908979851,
          "std": 0.0004438741562650903
        },
        "l1_adapted": {
          "mean": 0.906181821128018,
          "std": 0.00578398019985685
        },
        "full_finetune": {
          "mean": 0.9890180355601442,
          "std": 0.00030678031033643595
        },
        "l1_improvement": -0.012816669769967093,
        "full_improvement": 0.0700195446621591,
        "efficiency": -0.18304417476301657
      }
    }
  },
  "jak2": {
    "target": "jak2",
    "n_actives": 153,
    "n_decoys": 6590,
    "support_sizes": {
      "10": {
        "zero_shot": {
          "mean": 0.7907911237698473,
          "std": 0.0008967697766704017
        },
        "l1_adapted": {
          "mean": 0.7804684677025101,
          "std": 0.010859458912131678
        },
        "full_finetune": {
          "mean": 0.9494586973310377,
          "std": 0.012015019864835524
        },
        "l1_improvement": -0.010322656067337177,
        "full_improvement": 0.15866757356119043,
        "efficiency": -0.06505838487128705
      },
      "25": {
        "zero_shot": {
          "mean": 0.7888798314927646,
          "std": 0.004293223859300387
        },
        "l1_adapted": {
          "mean": 0.7694903925488704,
          "std": 0.010611884101563964
        },
        "full_finetune": {
          "mean": 0.967034780401117,
          "std": 0.0033598474263865745
        },
        "l1_improvement": -0.01938943894389422,
        "full_improvement": 0.17815494890835237,
        "efficiency": -0.1088346917259574
      },
      "50": {
        "zero_shot": {
          "mean": 0.796877072137605,
          "std": 0.00988998399284078
        },
        "l1_adapted": {
          "mean": 0.7815204912759914,
          "std": 0.012248320011377207
        },
        "full_finetune": {
          "mean": 0.9735283493166275,
          "std": 0.004724428018891125
        },
        "l1_improvement": -0.015356580861613511,
        "full_improvement": 0.17665127717902251,
        "efficiency": -0.08693161525263582
      }
    }
  },
  "bace1": {
    "target": "bace1",
    "n_actives": 485,
    "n_decoys": 18221,
    "support_sizes": {
      "10": {
        "zero_shot": {
          "mean": 0.6967257884428825,
          "std": 0.000992132232082643
        },
        "l1_adapted": {
          "mean": 0.6355200201921529,
          "std": 0.03087984400057195
        },
        "full_finetune": {
          "mean": 0.8723104312315574,
          "std": 0.022361851180279006
        },
        "l1_improvement": -0.06120576825072954,
        "full_improvement": 0.17558464278867492,
        "efficiency": -0.3485826965197282
      },
      "25": {
        "zero_shot": {
          "mean": 0.694056704610983,
          "std": 0.000299110504670173
        },
        "l1_adapted": {
          "mean": 0.6505784636534228,
          "std": 0.014584830359845542
        },
        "full_finetune": {
          "mean": 0.9587371886160678,
          "std": 0.010749523876355952
        },
        "l1_improvement": -0.043478240957560255,
        "full_improvement": 0.2646804840050848,
        "efficiency": -0.16426689380213233
      },
      "50": {
        "zero_shot": {
          "mean": 0.6925215139023045,
          "std": 0.002840530941718349
        },
        "l1_adapted": {
          "mean": 0.6540325190806539,
          "std": 0.0066597649404018565
        },
        "full_finetune": {
          "mean": 0.9727942781127185,
          "std": 0.007821120521602002
        },
        "l1_improvement": -0.03848899482165069,
        "full_improvement": 0.2802727642104139,
        "efficiency": -0.1373269176906365
      },
      "100": {
        "zero_shot": {
          "mean": 0.6968938002379864,
          "std": 0.00725787103933997
        },
        "l1_adapted": {
          "mean": 0.6633226953683883,
          "std": 0.007913512507959746
        },
        "full_finetune": {
          "mean": 0.9894915635658421,
          "std": 0.003968785115038282
        },
        "l1_improvement": -0.033571104869598134,
        "full_improvement": 0.2925977633278557,
        "efficiency": -0.11473465992281602
      }
    }
  },
  "cyp3a4": {
    "target": "cyp3a4",
    "n_actives": 333,