{
  "egfr": {
    "name": "egfr",
    "n_total": 205632,
    "n_actives": 4032,
    "baseline_rate": 0.0196078431372549,
    "roc_auc": 0.9425624714584907,
    "partial_auc_10": 0.6657684210837111,
    "partial_auc_5": 0.5420881952317964,
    "bedroc_20": 0.6328178881628697,
    "bedroc_80": 0.55360081035367,
    "rie_20": 10.837326068631803,
    "average_precision": 0.4297092128279556,
    "ap_lift": 21.915169854225734,
    "best_f1": 0.44238633625026164,
    "ef_0.1%_ef": 47.76585365853659,
    "ef_0.1%_hits": 192,
    "ef_0.1%_hitrate": 0.9365853658536586,
    "ef_0.5%_ef": 36.811284046692606,
    "ef_0.5%_hits": 742,
    "ef_0.5%_hitrate": 0.7217898832684825,
    "ef_1%_ef": 29.49367704280156,
    "ef_1%_hits": 1189,
    "ef_1%_hitrate": 0.578307392996109,
    "ef_2%_ef": 22.28769455252918,
    "ef_2%_hits": 1797,
    "ef_2%_hitrate": 0.4370136186770428,
    "ef_5%_ef": 13.036475051065072,
    "ef_5%_hits": 2628,
    "ef_5%_hitrate": 0.255617157864021,
    "ef_10%_ef": 8.12011865972864,
    "ef_10%_hits": 3274,
    "ef_10%_hitrate": 0.15921801293585566,
    "ef_20%_ef": 4.623060837426445,
    "ef_20%_hits": 3728,
    "ef_20%_hitrate": 0.09064825171424402,
    "auac": 0.9338850515370114,
    "recovery_0.1%": 4.761904761904762,
    "recovery_0.5%": 18.40277777777778,
    "recovery_1%": 29.489087301587304,
    "recovery_2%": 44.56845238095239,
    "recovery_5%": 65.17857142857143,
    "recovery_10%": 81.20039682539682,
    "recovery_20%": 92.46031746031747
  },
  "drd2": {
    "name": "drd2",
    "n_total": 164373,
    "n_actives": 3223,
    "baseline_rate": 0.0196078431372549,
    "roc_auc": 0.9595896360022486,
    "partial_auc_10": 0.7307551053748129,
    "partial_auc_5": 0.6101292977512216,
    "bedroc_20": 0.692366313820579,
    "bedroc_80": 0.5887438784155814,
    "rie_20": 11.763163182305368,
    "average_precision": 0.4659118259414993,
    "ap_lift": 23.761503123016467,
    "best_f1": 0.48539140017113025,
    "ef_0.1%_ef": 42.91463414634146,
    "ef_0.1%_hits": 138,
    "ef_0.1%_hitrate": 0.8414634146341463,
    "ef_0.5%_ef": 36.339829476248475,
    "ef_0.5%_hits": 585,
    "ef_0.5%_hitrate": 0.7125456760048721,
    "ef_1%_ef": 30.79245283018868,
    "ef_1%_hits": 992,
    "ef_1%_hitrate": 0.6037735849056604,
    "ef_2%_ef": 24.18892607240645,
    "ef_2%_hits": 1559,
    "ef_2%_hitrate": 0.47429266808640097,
    "ef_5%_ef": 14.590046239961062,
    "ef_5%_hits": 2351,
    "ef_5%_hitrate": 0.2860793380384522,
    "ef_10%_ef": 8.712538784449718,
    "ef_10%_hits": 2808,
    "ef_10%_hitrate": 0.17083409381273956,
    "ef_20%_ef": 4.747216645373244,
    "ef_20%_hits": 3060,
    "ef_20%_hitrate": 0.09308267932104398,
    "auac": 0.9505823329301973,
    "recovery_0.1%": 4.281725100837728,
    "recovery_0.5%": 18.15079118833385,
    "recovery_1%": 30.77877753645672,
    "recovery_2%": 48.3710828420726,
    "recovery_5%": 72.94446168166304,
    "recovery_10%": 87.12379770400248,
    "recovery_20%": 94.94260006205398
  },
  "adrb2": {
    "name": "adrb2",
    "n_total": 15702,
    "n_actives": 447,
    "baseline_rate": 0.0284677111196026,
    "roc_auc": 0.745381607379984,
    "partial_auc_10": 0.17973716029585046,
    "partial_auc_5": 0.10172921629832003,
    "bedroc_20": 0.14992319843649618,
    "bedroc_80": 0.08301318844983294,
    "rie_20": 3.137197624920248,
    "average_precision": 0.07317972774350603,
    "ap_lift": 2.570622114157789,
    "best_f1": 0.1427933957735083,
    "ef_0.1%_ef": 4.683668903803132,
    "ef_0.1%_hits": 2,
    "ef_0.1%_hitrate": 0.13333333333333333,
    "ef_0.5%_ef": 3.1524694544828775,
    "ef_0.5%_hits": 7,
    "ef_0.5%_hitrate": 0.08974358974358974,
    "ef_1%_ef": 3.57987432137819,
    "ef_1%_hits": 16,
    "ef_1%_hitrate": 0.10191082802547771,
    "ef_2%_ef": 3.3561321762920535,
    "ef_2%_hits": 30,
    "ef_2%_hitrate": 0.09554140127388536,
    "ef_5%_ef": 3.7588680374470997,
    "ef_5%_hits": 84,
    "ef_5%_hitrate": 0.1070063694267516,
    "ef_10%_ef": 3.0876416021886888,
    "ef_10%_hits": 138,
    "ef_10%_hitrate": 0.08789808917197452,
    "ef_20%_ef": 2.3381054161501305,
    "ef_20%_hits": 209,
    "ef_20%_hitrate": 0.06656050955414013,
    "auac": 0.7383740711011036,
    "recovery_0.1%": 0.44742729306487694,
    "recovery_0.5%": 1.5659955257270695,
    "recovery_1%": 3.5794183445190155,
    "recovery_2%": 6.7114093959731544,
    "recovery_5%": 18.79194630872483,
    "recovery_10%": 30.87248322147651,
    "recovery_20%": 46.75615212527964
  },
  "bace1": {
    "name": "bace1",
    "n_total": 18706,
    "n_actives": 485,
    "baseline_rate": 0.025927509889874908,
    "roc_auc": 0.671675595792099,
    "partial_auc_10": 0.07230130409174414,
    "partial_auc_5": 0.02880781606359944,
    "bedroc_20": 0.028588343237755713,
    "bedroc_80": 0.005198148842755973,
    "rie_20": 1.4172720408586719,
    "average_precision": 0.03970594443453718,
    "ap_lift": 1.5314214362730978,
    "best_f1": 0.08227848100193554,
    "ef_0.1%_ef": 0.0,
    "ef_0.1%_hits": 0,
    "ef_0.1%_hitrate": 0.0,
    "ef_0.5%_ef": 1.2441636182241436,
    "ef_0.5%_hits": 3,
    "ef_0.5%_hitrate": 0.03225806451612903,
    "ef_1%_ef": 1.031258614036055,
    "ef_1%_hits": 5,
    "ef_1%_hitrate": 0.026737967914438502,
    "ef_2%_ef": 1.3406361982468713,
    "ef_2%_hits": 13,
    "ef_2%_hitrate": 0.034759358288770054,
    "ef_5%_ef": 1.1137593031589392,
    "ef_5%_hits": 27,
    "ef_5%_hitrate": 0.028877005347593583,
    "ef_10%_ef": 1.6706389547384088,
    "ef_10%_hits": 81,
    "ef_10%_hitrate": 0.04331550802139037,
    "ef_20%_ef": 1.536164595717006,
    "ef_20%_hits": 149,
    "ef_20%_hitrate": 0.03982892274792836,
    "auac": 0.6672262937852235,
    "recovery_0.1%": 0.0,
    "recovery_0.5%": 0.6185567010309279,
    "recovery_1%": 1.0309278350515463,
    "recovery_2%": 2.6804123711340204,
    "recovery_5%": 5.567010309278351,
    "recovery_10%": 16.70103092783505,
    "recovery_20%": 30.721649484536083
  },
  "esr1": {
    "name": "esr1",
    "n_total": 21445,
    "n_actives": 627,
    "baseline_rate": 0.029237584518535788,
    "roc_auc": 0.863933232849808,
    "partial_auc_10": 0.4390917839932103,
    "partial_auc_5": 0.31058572027672654,
    "bedroc_20": 0.420773682666983,
    "bedroc_80": 0.32993229274202485,
    "rie_20": 6.953862842599773,
    "average_precision": 0.22174467991751776,
    "ap_lift": 7.58423390882164,
    "best_f1": 0.3298969071667881,
    "ef_0.1%_ef": 16.28692944482418,
    "ef_0.1%_hits": 10,
    "ef_0.1%_hitrate": 0.47619047619047616,
    "ef_0.5%_ef": 13.744950737080595,
    "ef_0.5%_hits": 43,
    "ef_0.5%_hitrate": 0.40186915887850466,
    "ef_1%_ef": 11.986875642802843,
    "ef_1%_hits": 75,
    "ef_1%_hitrate": 0.35046728971962615,
    "ef_2%_ef": 10.308713052810447,
    "ef_2%_hits": 129,
    "ef_2%_hitrate": 0.3014018691588785,
    "ef_5%_ef": 8.550637958532695,
    "ef_5%_hits": 268,
    "ef_5%_hitrate": 0.25,
    "ef_10%_ef": 5.9982087171796525,
    "ef_10%_hits": 376,
    "ef_10%_hitrate": 0.17537313432835822,
    "ef_20%_ef": 3.8437001594896336,
    "ef_20%_hits": 482,
    "ef_20%_hitrate": 0.11238050827698765,
    "auac": 0.8532889856213904,
    "recovery_0.1%": 1.5948963317384368,
    "recovery_0.5%": 6.8580542264752795,
    "recovery_1%": 11.961722488038278,
    "recovery_2%": 20.574162679425836,
    "recovery_5%": 42.74322169059011,
    "recovery_10%": 59.96810207336522,
    "recovery_20%": 76.87400318979266
  },
  "hdac2": {
    "name": "hdac2",
    "n_total": 10604,
    "n_actives": 238,
    "baseline_rate": 0.022444360618634477,
    "roc_auc": 0.8661939404355221,
    "partial_auc_10": 0.32093244397894216,
    "partial_auc_5": 0.19839017991916041,
    "bedroc_20": 0.29459313985159413,
    "bedroc_80": 0.20586269211468144,
    "rie_20": 5.456208160644611,
    "average_precision": 0.1298472791890972,
    "ap_lift": 5.785296422357927,
    "best_f1": 0.20321931585895092,
    "ef_0.1%_ef": 0.0,
    "ef_0.1%_hits": 0,
    "ef_0.1%_hitrate": 0.0,
    "ef_0.5%_ef": 15.131758363722847,
    "ef_0.5%_hits": 18,