{
  "checkpoint": "results/v3/best_model.pt",
  "config": {
    "n_programs": 5123,
    "n_assays": 100,
    "n_rounds": 20,
    "use_l1": true,
    "use_l2": false,
    "use_l3": false
  },
  "n_trials": 3,
  "adapt_steps": 100,
  "results": {
    "egfr": {
      "n_shots": [
        10,
        25,
        50
      ],
      "zero_shot_auc": [
        0.8293586005830905,
        0.8277244690674054,
        0.8297975308641975
      ],
      "correct_l1_auc": [
        0.9588851867277524,
        0.9587427516158818,
        0.9592691358024691
      ],
      "adapted_auc": [
        0.731222407330279,
        0.7299338873499538,
        0.7306765432098765
      ],
      "zero_shot_std": [
        0.001492526044107324,
        0.0012810338150762474,
        0.0018226972514758773
      ],
      "adapted_std": [
        0.0007601218286797406,
        0.002826460727406164,
        0.0006587488969488588
      ]
    },
    "drd2": {
      "n_shots": [
        10,
        25,
        50
      ],
      "zero_shot_auc": [
        0.9058683881715952,
        0.905976731301939,
        0.9078156378600823
      ],
      "correct_l1_auc": [
        0.9843842843259752,
        0.9841625115420131,
        0.9840230452674897
      ],
      "adapted_auc": [
        0.7952575315840623,
        0.7950360110803324,
        0.7957399176954733
      ],
      "zero_shot_std": [
        0.00044517381238324893,
        0.0013232570714312713,
        0.0031299458178005893
      ],
      "adapted_std": [
        0.0011732118486466353,
        0.0019171114158585665,
        0.0011009158839356944
      ]
    },
    "bace1": {
      "n_shots": [
        10,
        25,
        50
      ],
      "zero_shot_auc": [
        0.7609294665234515,
        0.7595972540045767,
        0.7585457641549594
      ],
      "correct_l1_auc": [
        0.6468528464017186,
        0.645672006102212,
        0.6442877820349083
      ],
      "adapted_auc": [
        0.5044339419978517,
        0.5024347826086956,
        0.5025696040868455
      ],
      "zero_shot_std": [
        0.0034030175171445385,
        0.001903846153337596,
        0.004284064986748371
      ],
      "adapted_std": [
        0.002836808239152497,
        0.0013689694275338662,
        0.006744403072139902
      ]
    }
  }
}