{
  "checkpoint": "results/v3/best_model.pt",
  "config": {
    "n_programs": 5123,
    "n_assays": 100,
    "n_rounds": 20,
    "use_l1": true,
    "use_l2": false,
    "use_l3": false
  },
  "n_trials": 3,
  "adapt_steps": 100,
  "results": {
    "egfr": {
      "n_shots": [
        10,
        25,
        50
      ],
      "zero_shot_auc": [
        0.8293586005830905,
        0.8277244690674056,
        0.8297975308641975
      ],
      "correct_l1_auc": [
        0.9588851867277524,
        0.9587427516158818,
        0.9592691358024691
      ],
      "adapted_auc": [
        0.795715674024712,
        0.6823608494921514,
        0.665959670781893
      ],
      "zero_shot_std": [
        0.0014925260441072624,
        0.0012810338150761958,
        0.0018226972514759929
      ],
      "adapted_std": [
        0.019701893667988604,
        0.010211628150540168,
        0.0984030835076203
      ]
    },
    "drd2": {
      "n_shots": [
        10,
        25,
        50
      ],
      "zero_shot_auc": [
        0.9058683881715952,
        0.905976731301939,
        0.9078156378600823
      ],
      "correct_l1_auc": [
        0.9843842843259752,
        0.9841625115420131,
        0.9840230452674897
      ],
      "adapted_auc": [
        0.7242655837845343,
        0.7293252077562328,
        0.7342847736625514
      ],
      "zero_shot_std": [
        0.00044517381238324893,
        0.001323257071431296,
        0.0031299458178006365
      ],
      "adapted_std": [
        0.08490220908096062,
        0.053818319858553225,
        0.058927007439672247
      ]
    },
    "bace1": {
      "n_shots": [
        10,
        25,
        50
      ],
      "zero_shot_auc": [
        0.7609294665234514,
        0.7595972540045767,
        0.7585457641549596
      ],
      "correct_l1_auc": [
        0.6468528464017186,
        0.645672006102212,
        0.6442877820349084
      ],
      "adapted_auc": [
        0.6362907268170426,
        0.6459344012204425,
        0.6287186036611324
      ],
      "zero_shot_std": [
        0.0034030175171445246,
        0.0019038461533375356,
        0.004284064986748364
      ],
      "adapted_std": [
        0.05720931786079853,
        0.022902217754756083,
        0.028713814324210055
      ]
    }
  }
}