{
  "checkpoint": "results/v2_full/best_model.pt",
  "config": {
    "num_programs": 5123,
    "num_assays": 100,
    "num_rounds": 20
  },
  "program_id": 0,
  "n_steps": 50,
  "results": [
    {
      "name": "Celecoxib",
      "smiles": "CC1=CC=C(C=C1)C2=CC(=NN2C3=CC=C(C=C3)S(=O)(=O)N)C(F)(F)F",
      "importance": [
        0.07155227661132812,
        0.22999228537082672,
        0.11996091902256012,
        0.05459413677453995,
        0.2852396070957184,
        0.07669343054294586,
        0.0807158350944519,
        0.20227596163749695,
        0.15644948184490204,
        0.23242568969726562,
        0.23638319969177246,
        0.15399791300296783,
        0.2959533929824829,
        0.0809081494808197,
        0.1795986294746399,
        0.3327646255493164,
        0.19192415475845337,
        0.0955708771944046,
        0.3072540760040283,
        0.12708453834056854,
        0.17779956758022308,
        0.29139280319213867,
        0.13581684231758118,
        0.09697084128856659,
        0.11498524248600006,
        0.21980635821819305
      ],
      "mean_importance": 0.17492733895778656,
      "max_importance": 0.3327646255493164,
      "std_importance": 0.08136296272277832,
      "n_atoms": 26,
      "top_atoms": [
        15,
        18,
        12,
        21,
        4
      ]
    },
    {
      "name": "Ibuprofen",
      "smiles": "CC(C)CC1=CC=C(C=C1)C(C)C(=O)O",
      "importance": [
        0.12996014952659607,
        0.34117016196250916,
        0.16809801757335663,
        0.3659396171569824,
        0.2321469634771347,
        0.18353427946567535,
        0.10414646565914154,
        0.20162494480609894,
        0.1297139823436737,
        0.20621205866336823,
        0.29402467608451843,
        0.3422839939594269,
        0.4940067529678345,
        0.11740057170391083,
        0.24327588081359863
      ],
      "mean_importance": 0.23690256476402283,
      "max_importance": 0.4940067529678345,
      "std_importance": 0.10728650540113449,
      "n_atoms": 15,
      "top_atoms": [
        12,
        3,
        11,
        1,
        10
      ]
    },
    {
      "name": "Aspirin",
      "smiles": "CC(=O)OC1=CC=CC=C1C(=O)O",
      "importance": [
        0.23038752377033234,
        0.31083449721336365,
        0.10302343964576721,
        0.17362238466739655,
        0.3220991790294647,
        0.15699537098407745,
        0.08170396089553833,
        0.10954038798809052,
        0.1769772619009018,
        0.24307192862033844,
        0.20469346642494202,
        0.16363564133644104,
        0.1763526052236557
      ],
      "mean_importance": 0.1886875331401825,
      "max_importance": 0.3220991790294647,
      "std_importance": 0.07063862681388855,
      "n_atoms": 13,
      "top_atoms": [
        4,
        1,
        9,
        0,
        10
      ]
    },
    {
      "name": "Caffeine",
      "smiles": "CN1C=NC2=C1C(=O)N(C(=O)N2C)C",
      "importance": [
        0.10025253146886826,
        0.13117145001888275,
        0.2327483892440796,
        0.08643843978643417,
        0.26492515206336975,
        0.19997131824493408,
        0.22987931966781616,
        0.1311851590871811,
        0.3111705780029297,
        0.3060447573661804,
        0.08750860393047333,
        0.2018209993839264,
        0.02034604549407959,
        0.06795153021812439
      ],
      "mean_importance": 0.16938674449920654,
      "max_importance": 0.3111705780029297,
      "std_importance": 0.08918403834104538,
      "n_atoms": 14,
      "top_atoms": [
        8,
        9,
        4,
        2,
        6
      ]
    },
    {
      "name": "Acetaminophen",
      "smiles": "CC(=O)NC1=CC=C(C=C1)O",
      "importance": [
        0.2602798640727997,
        0.21865883469581604,
        0.11327852308750153,
        0.29317378997802734,
        0.4077741205692291,
        0.08843489736318588,
        0.1420605331659317,
        0.18011564016342163,
        0.14482367038726807,
        0.0692279040813446,
        0.17720310389995575
      ],
      "mean_importance": 0.19045734405517578,
      "max_importance": 0.4077741205692291,
      "std_importance": 0.0949721485376358,
      "n_atoms": 11,
      "top_atoms": [
        4,
        3,
        0,
        1,
        7
      ]
    },
    {
      "name": "Metformin",
      "smiles": "CN(C)C(=N)NC(=N)N",
      "importance": [
        0.18488258123397827,
        1.200545072555542,
        0.4089418053627014,
        1.0793917179107666,
        1.1672677993774414,
        0.6135709881782532,
        1.1248438358306885,
        0.16710332036018372,
        0.09506741166114807
      ],
      "mean_importance": 0.6712905168533325,
      "max_importance": 1.200545072555542,
      "std_importance": 0.4463867247104645,
      "n_atoms": 9,
      "top_atoms": [
        1,
        4,
        6,
        3,
        5
      ]
    },
    {
      "name": "Atorvastatin",
      "smiles": "CC(C)C1=C(C(=C(N1CCC(CC(CC(=O)O)O)O)C2=CC=C(C=C2)F)C3=CC=CC=C3)C(=O)NC4=CC=CC=C4",
      "importance": [
        0.07866399735212326,
        0.21992722153663635,
        0.25307926535606384,
        0.6032998561859131,
        0.46189022064208984,
        0.5434747934341431,
        0.4312885105609894,
        0.6348044872283936,
        0.21482431888580322,
        0.2243029922246933,
        0.21441711485385895,
        0.41252145171165466,
        0.3298999071121216,
        0.222815603017807,
        0.29633092880249023,
        0.060092754662036896,
        0.1548997163772583,
        0.23419862985610962,
        0.22785422205924988,
        0.21437785029411316,
        0.0894278809428215,
        0.06363639235496521,
        0.15917135775089264,
        0.05575525760650635,
        0.05221293121576309,
        0.3904242217540741,
        0.48925748467445374,
        0.03896987438201904,
        0.05482266843318939,
        0.12574175000190735,
        0.03288733586668968,
        0.03241531923413277,
        0.4239226281642914,
        0.1322517991065979,
        0.2942410707473755,
        0.4194278419017792,
        0.09304697811603546,
        0.06558302789926529,
        0.04380897432565689,
        0.05359905585646629,
        0.11174547672271729
      ],
      "mean_importance": 0.22573935985565186,
      "max_importance": 0.6348044872283936,
      "std_importance": 0.16947832703590393,
      "n_atoms": 41,
      "top_atoms": [
        7,
        3,
        5,
        26,
        4
      ]
    }
  ]
}