{
  "checkpoint": "results/v3/best_model.pt",
  "config": {
    "n_programs": 5123,
    "n_assays": 100,
    "n_rounds": 20,
    "use_l1": true,
    "use_l2": false,
    "use_l3": false
  },
  "n_shots": [
    5,
    10,
    25,
    50
  ],
  "n_trials": 3,
  "results": {
    "egfr": {
      "n_shots": [
        5,
        10,
        25,
        50
      ],
      "aucs": [
        [
          0.8248412287965727,
          0.8249487842526376,
          0.8247684592454885
        ],
        [
          0.8248107302045704,
          0.824822418732785,
          0.8245996657502739
        ],
        [
          0.8251253299408658,
          0.824975616124591,
          0.8245717804830014
        ],
        [
          0.825220713503497,
          0.8247170553274902,
          0.8244961754837976
        ]
      ],
      "mean_auc": [
        0.824852824098233,
        0.824744271562543,
        0.8248909088494861,
        0.824811314771595
      ],
      "std_auc": [
        7.407255594473483e-05,
        0.00010236303411382239,
        0.00023378871147154177,
        0.0003032078138831379
      ]
    },
    "drd2": {
      "n_shots": [
        5,
        10,
        25,
        50
      ],
      "aucs": [
        [
          0.9042040952235441,
          0.9042017830719301,
          0.9041447573909835
        ],
        [
          0.904217512857059,
          0.904167837614822,
          0.9042670944234437
        ],
        [
          0.9041302307347833,
          0.904273675702085,
          0.9042226430308703
        ],
        [
          0.9042311427326666,
          0.904128075320495,
          0.9041681118797394
        ]
      ],
      "mean_auc": [
        0.9041835452288192,
        0.9042174816317748,
        0.9042088498225795,
        0.9041757766443004
      ],
      "std_auc": [
        2.7443381524482632e-05,
        4.052142845214177e-05,
        5.936780332390974e-05,
        4.242471233269133e-05
      ]
    },
    "bace1": {
      "n_shots": [
        5,
        10,
        25,
        50
      ],
      "aucs": [
        [
          0.7639222844385888,
          0.7625524950592885,
          0.761814476284585
        ],
        [
          0.7639608796302987,
          0.7630692265230095,
          0.7625222465311596
        ],
        [
          0.7622860255956876,
          0.762255619964254,
          0.7608138912517801
        ],
        [
          0.7617636919254314,
          0.7626593972839126,
          0.7619531437297146
        ]
      ],
      "mean_auc": [
        0.7627630852608207,
        0.7631841175614893,
        0.7617851789372406,
        0.7621254109796861
      ],
      "std_auc": [
        0.0008732983370560452,
        0.0005929116075362521,
        0.0006869162741562401,
        0.00038542532900905156
      ]
    }
  }
}