{
  "random": {
    "none": {
      "fusion": "none",
      "rmse": 1.253530740737915,
      "auc": 0.6628190751114259,
      "per_target_auc": {
        "CHEMBL2842": 0.5575396825396826,
        "CHEMBL224": 0.6666666666666667,
        "CHEMBL4296": 0.6521739130434783,
        "CHEMBL240": 0.7328042328042328,
        "CHEMBL3594": 0.7390804597701149,
        "CHEMBL1865": 0.5811965811965811,
        "CHEMBL228": 0.6597633136094675,
        "CHEMBL244": 0.48,
        "CHEMBL214": 0.6212121212121212,
        "CHEMBL5145": 0.7845849802371542,
        "CHEMBL284": 0.6446124763705103,
        "CHEMBL236": 0.6280788177339901,
        "CHEMBL261": 0.6566951566951567,
        "CHEMBL4005": 0.7022988505747126,
        "CHEMBL340": 0.5950413223140496,
        "CHEMBL4822": 0.5975783475783476,
        "CHEMBL220": 0.5599999999999999,
        "CHEMBL4078": 0.5785984848484849,
        "CHEMBL4409": 0.44664031620553357,
        "CHEMBL217": 0.7433333333333334,
        "CHEMBL234": 0.7404844290657439,
        "CHEMBL3242": 0.576923076923077,
        "CHEMBL203": 0.5253772290809328,
        "CHEMBL325": 0.6061538461538462,
        "CHEMBL2039": 0.35673624288425043,
        "CHEMBL205": 0.7049808429118773,
        "CHEMBL3371": 0.6160919540229884,
        "CHEMBL612545": 0.5974999999999999,
        "CHEMBL218": 0.6242568370986921,
        "CHEMBL237": 0.5849403122130394,
        "CHEMBL253": 0.6785714285714285,
        "CHEMBL233": 0.6770114942528735,
        "CHEMBL210": 0.534438775510204,
        "CHEMBL273": 0.4107692307692308,
        "CHEMBL2147": 0.7415384615384615,
        "CHEMBL339": 0.46180555555555564,
        "CHEMBL260": 0.41700960219478744,
        "CHEMBL247": 0.6653225806451613,
        "CHEMBL1937": 0.6363636363636364,
        "CHEMBL251": 0.5529131985731273,
        "CHEMBL279": 0.6862068965517242,
        "CHEMBL230": 0.6994328922495274,
        "CHEMBL256": 0.5524193548387097,
        "CHEMBL235": 0.5653409090909091,
        "CHEMBL1163125": 0.6496000000000001,
        "CHEMBL206": 0.6598079561042525,
        "CHEMBL3105": 0.6968449931412894,
        "CHEMBL2971": 0.7618147448015122,
        "CHEMBL226": 0.5655172413793104,
        "CHEMBL204": 0.8324661810613944,
        "CHEMBL2835": 0.7016666666666667,
        "CHEMBL5763": 0.6485507246376812,
        "CHEMBL3717": 0.5320069204152249,
        "CHEMBL243": 0.7264957264957266,
        "CHEMBL1741186": 0.541501976284585
      }
    },
    "film": {
      "fusion": "film",
      "rmse": 1.1696866750717163,
      "auc": 0.7229074556979231,
      "per_target_auc": {
        "CHEMBL2842": 0.5535714285714286,
        "CHEMBL224": 0.5951468710089399,
        "CHEMBL4296": 0.6195652173913043,
        "CHEMBL240": 0.6640211640211641,
        "CHEMBL3594": 0.7379310344827585,
        "CHEMBL1865": 0.5527065527065527,
        "CHEMBL228": 0.6834319526627219,
        "CHEMBL244": 0.5692307692307693,
        "CHEMBL214": 0.6434343434343435,
        "CHEMBL5145": 0.7430830039525692,
        "CHEMBL284": 0.6408317580340265,
        "CHEMBL236": 0.6834975369458128,
        "CHEMBL261": 0.6381766381766383,
        "CHEMBL4005": 0.7379310344827587,
        "CHEMBL340": 0.5929752066115703,
        "CHEMBL4822": 0.6488603988603989,
        "CHEMBL220": 0.6157142857142857,
        "CHEMBL4078": 0.6486742424242424,
        "CHEMBL4409": 0.5454545454545454,
        "CHEMBL217": 0.6599999999999999,
        "CHEMBL234": 0.7214532871972318,
        "CHEMBL3242": 0.5798816568047337,
        "CHEMBL203": 0.6008230452674896,
        "CHEMBL325": 0.6061538461538462,
        "CHEMBL2039": 0.4497153700189753,
        "CHEMBL205": 0.7203065134099618,
        "CHEMBL3371": 0.6436781609195402,
        "CHEMBL612545": 0.5525,
        "CHEMBL218": 0.6837098692033293,
        "CHEMBL237": 0.5987144168962351,
        "CHEMBL253": 0.6278801843317973,
        "CHEMBL233": 0.6517241379310346,
        "CHEMBL210": 0.5318877551020408,
        "CHEMBL273": 0.4569230769230769,
        "CHEMBL2147": 0.7553846153846154,
        "CHEMBL339": 0.5104166666666666,
        "CHEMBL260": 0.41426611796982166,
        "CHEMBL247": 0.6280241935483871,
        "CHEMBL1937": 0.6255411255411255,
        "CHEMBL251": 0.5481569560047563,
        "CHEMBL279": 0.7057471264367816,
        "CHEMBL230": 0.6786389413988657,
        "CHEMBL256": 0.5504032258064516,
        "CHEMBL235": 0.571969696969697,
        "CHEMBL1163125": 0.696,
        "CHEMBL206": 0.6159122085048011,
        "CHEMBL3105": 0.6790123456790124,
        "CHEMBL2971": 0.7561436672967864,
        "CHEMBL226": 0.5091954022988505,
        "CHEMBL204": 0.8335067637877211,
        "CHEMBL2835": 0.7183333333333334,
        "CHEMBL5763": 0.6521739130434783,
        "CHEMBL3717": 0.4948096885813148,
        "CHEMBL243": 0.7193732193732194,
        "CHEMBL1741186": 0.5355731225296443
      }
    }
  },
  "scaffold": {
    "none": {
      "fusion": "none",
      "rmse": 1.2262930870056152,
      "auc": 0.63585384986881,
      "per_target_auc": {
        "CHEMBL240": 0.4477370689655173,
        "CHEMBL217": 0.5880102040816326,
        "CHEMBL340": 0.5367647058823529,
        "CHEMBL260": 0.5243757431629013,
        "CHEMBL247": 0.5833333333333333,
        "CHEMBL3242": 0.6727395411605939,
        "CHEMBL2842": 0.5346020761245674,
        "CHEMBL3105": 0.7186507936507938,
        "CHEMBL205": 0.581439393939394,
        "CHEMBL210": 0.7126436781609194,
        "CHEMBL2147": 0.7495798319327731,
        "CHEMBL4078": 0.5173611111111112,
        "CHEMBL224": 0.5871999999999999,
        "CHEMBL2835": 0.7136,
        "CHEMBL244": 0.5711462450592886,
        "CHEMBL1163125": 0.6788888888888889,
        "CHEMBL228": 0.5789473684210527,
        "CHEMBL218": 0.4976190476190476,
        "CHEMBL243": 0.682277318640955,
        "CHEMBL4005": 0.7651209677419355,
        "CHEMBL2971": 0.49826989619377166,
        "CHEMBL234": 0.6320346320346321,
        "CHEMBL284": 0.6035714285714285,
        "CHEMBL256": 0.6623376623376624,
        "CHEMBL3594": 0.6481632653061223,
        "CHEMBL261": 0.7274305555555556,
        "CHEMBL1937": 0.5612244897959183,
        "CHEMBL220": 0.8166666666666667,
        "CHEMBL226": 0.4839572192513369,
        "CHEMBL233": 0.5569800569800569,
        "CHEMBL3717": 0.5261904761904762,
        "CHEMBL5763": 0.7252964426877471,
        "CHEMBL325": 0.64,
        "CHEMBL273": 0.5028409090909091,
        "CHEMBL279": 0.4702040816326531,
        "CHEMBL2039": 0.6120689655172413,
        "CHEMBL236": 0.5635775862068966,
        "CHEMBL235": 0.7341820987654322,
        "CHEMBL3371": 0.5225694444444444,
        "CHEMBL230": 0.6732323232323233,
        "CHEMBL4822": 0.6551724137931034,
        "CHEMBL206": 0.6933333333333334,
        "CHEMBL237": 0.5224913494809689,
        "CHEMBL1741186": 0.696078431372549,
        "CHEMBL203": 0.5861538461538461,
        "CHEMBL4409": 0.6739130434782609,
        "CHEMBL612545": 0.5231866825208086,
        "CHEMBL4296": 0.7610294117647058,
        "CHEMBL339": 0.6804733727810651,
        "CHEMBL1865": 0.6242568370986921,
        "CHEMBL5145": 0.7687747035573123,
        "CHEMBL251": 0.25783475783475784,
        "CHEMBL214": 0.5897435897435899,
        "CHEMBL253": 0.6539855072463768,
        "CHEMBL204": 0.59765625
      }
    },
    "film": {
      "fusion": "film",
      "rmse": 1.1420811414718628,
      "auc": 0.7236244050658283,
      "per_target_auc": {
        "CHEMBL240": 0.4294181034482758,
        "CHEMBL217": 0.5841836734693877,
        "CHEMBL340": 0.5404411764705882,
        "CHEMBL260": 0.5077288941736029,
        "CHEMBL247": 0.5687830687830688,
        "CHEMBL3242": 0.6622807017543859,
        "CHEMBL2842": 0.5346020761245674,
        "CHEMBL3105": 0.7055555555555556,
        "CHEMBL205": 0.5672348484848484,
        "CHEMBL210": 0.678735632183908,
        "CHEMBL2147": 0.6899159663865546,
        "CHEMBL4078": 0.6753472222222222,
        "CHEMBL224": 0.5088,
        "CHEMBL2835": 0.7384,
        "CHEMBL244": 0.6264822134387351,