{
  "method": "Morgan FP + Random Forest",
  "config": {
    "radius": 2,
    "n_bits": 2048,
    "n_estimators": 500,
    "n_seeds": 5,
    "split": "80/20 random",
    "class_weight": "balanced"
  },
  "timestamp": "2026-01-31T22:40:28.183502",
  "per_target": {
    "egfr": {
      "n_actives": 4032,
      "n_decoys": 201600,
      "n_seeds": 5,
      "mean_auc": 0.9977382413640292,
      "std_auc": 0.0010938105802283857,
      "min_auc": 0.995765843512126,
      "max_auc": 0.9990831940313408,
      "per_seed_auc": [
        0.9979475418798686,
        0.9990831940313408,
        0.995765843512126,
        0.998222656916647,
        0.9976719704801638
      ]
    },
    "drd2": {
      "n_actives": 3223,
      "n_decoys": 161150,
      "n_seeds": 5,
      "mean_auc": 0.9993694034978059,
      "std_auc": 0.0004105518778296192,
      "min_auc": 0.9986392292347922,
      "max_auc": 0.9998030749838913,
      "per_seed_auc": [
        0.999667384787865,
        0.9998030749838913,
        0.9992407094298613,
        0.9986392292347922,
        0.9994966190526198
      ]
    },
    "adrb2": {
      "n_actives": 447,
      "n_decoys": 15255,
      "n_seeds": 5,
      "mean_auc": 0.9998019484900214,
      "std_auc": 0.00016615315287728927,
      "min_auc": 0.9995096436744033,
      "max_auc": 1.0,
      "per_seed_auc": [
        0.9998947714567576,
        0.9997539259988367,
        1.0,
        0.9998514013201092,
        0.9995096436744033
      ]
    },
    "bace1": {
      "n_actives": 485,
      "n_decoys": 18221,
      "n_seeds": 5,
      "mean_auc": 0.9998320597207133,
      "std_auc": 0.0002620349194689011,
      "min_auc": 0.9993234569133553,
      "max_auc": 1.0,
      "per_seed_auc": [
        1.0,
        0.9998368416902113,
        1.0,
        0.9993234569133553,
        1.0
      ]
    },
    "esr1": {
      "n_actives": 627,
      "n_decoys": 20818,
      "n_seeds": 5,
      "mean_auc": 0.9978121867861208,
      "std_auc": 0.002684807672968498,
      "min_auc": 0.9926342127211274,
      "max_auc": 0.9999979513402332,
      "per_seed_auc": [
        0.9981877615532446,
        0.9999979513402332,
        0.9997866625489152,
        0.9984543457670838,
        0.9926342127211274
      ]
    },
    "hdac2": {
      "n_actives": 238,
      "n_decoys": 10366,
      "n_seeds": 5,
      "mean_auc": 0.9986481355984729,
      "std_auc": 0.0016889614341959755,
      "min_auc": 0.9960661797060636,
      "max_auc": 1.0,
      "per_seed_auc": [
        0.9960661797060636,
        1.0,
        0.9999897412749543,
        0.9971847570113466,
        1.0
      ]
    },
    "jak2": {
      "n_actives": 153,
      "n_decoys": 6590,
      "n_seeds": 5,
      "mean_auc": 0.9944621338483678,
      "std_auc": 0.006814732690106277,
      "min_auc": 0.9822513287775246,
      "max_auc": 1.0,
      "per_seed_auc": [
        0.9917425968109339,
        0.9984779299847792,
        0.9998388136686008,
        1.0,
        0.9822513287775246
      ]
    },
    "pparg": {
      "n_actives": 723,
      "n_decoys": 25866,
      "n_seeds": 5,
      "mean_auc": 0.9993372704708209,
      "std_auc": 0.0007987915773888164,
      "min_auc": 0.998260033280818,
      "max_auc": 0.999992854131384,
      "per_seed_auc": [
        0.998260033280818,
        0.999992854131384,
        0.9984643382806099,
        0.9999767109569467,
        0.9999924157043459
      ]
    },
    "cyp3a4": {
      "n_actives": 333,
      "n_decoys": 16650,
      "n_seeds": 5,
      "mean_auc": 0.9970807911551717,
      "std_auc": 0.0021219134947849734,
      "min_auc": 0.9937106160947221,
      "max_auc": 0.9996385455071206,
      "per_seed_auc": [
        0.9987338341534475,
        0.9937106160947221,
        0.9975341284128413,
        0.9957868316077272,
        0.9996385455071206
      ]
    },
    "fxa": {
      "n_actives": 445,
      "n_decoys": 22250,
      "n_seeds": 5,
      "mean_auc": 0.999836252170196,
      "std_auc": 0.00017936559433993863,
      "min_auc": 0.9995024983236357,
      "max_auc": 0.9999861533434137,
      "per_seed_auc": [
        0.999799263806055,
        0.9999861533434137,
        0.9999716183232106,
        0.9999217270546649,
        0.9995024983236357
      ]
    }
  },
  "summary": {
    "mean_auc": 0.998391842310172,
    "std_auc": 0.0016121026782782637,
    "n_targets": 10
  }
}