{
  "vs_metrics": {
    "name": "hERG",
    "n_total": 8360,
    "n_actives": 5544,
    "baseline_rate": 0.6631578947368421,
    "roc_auc": 0.4735668372032009,
    "partial_auc_10": 0.038630457886494815,
    "partial_auc_5": 0.020285161886724388,
    "bedroc_20": 0,
    "bedroc_80": 0,
    "rie_20": 0.9159334431471267,
    "average_precision": 0.6404766014862144,
    "ap_lift": 0.9657980498601647,
    "best_f1": 0.7982696466715501,
    "ef_0.1%_ef": 0.7539682539682541,
    "ef_0.1%_hits": 4,
    "ef_0.1%_hitrate": 0.5,
    "ef_0.5%_ef": 0.8459156020131632,
    "ef_0.5%_hits": 23,
    "ef_0.5%_hitrate": 0.5609756097560976,
    "ef_1%_ef": 0.981067125645439,
    "ef_1%_hits": 54,
    "ef_1%_hitrate": 0.6506024096385542,
    "ef_2%_ef": 0.9571333523429333,
    "ef_2%_hits": 106,
    "ef_2%_hitrate": 0.6347305389221557,
    "ef_5%_ef": 0.8802308802308804,
    "ef_5%_hits": 244,
    "ef_5%_hitrate": 0.583732057416268,
    "ef_10%_ef": 0.9126984126984128,
    "ef_10%_hits": 506,
    "ef_10%_hitrate": 0.6052631578947368,
    "ef_20%_ef": 0.9226190476190477,
    "ef_20%_hits": 1023,
    "ef_20%_hitrate": 0.6118421052631579,
    "auac": 0.49109690980205334,
    "recovery_0.1%": 0.07215007215007214,
    "recovery_0.5%": 0.4148629148629149,
    "recovery_1%": 0.974025974025974,
    "recovery_2%": 1.9119769119769119,
    "recovery_5%": 4.401154401154401,
    "recovery_10%": 9.126984126984127,
    "recovery_20%": 18.452380952380953
  },
  "classification_thresholds": {
    "top_10%": {
      "threshold": 7.129296875000001,
      "sensitivity": 0.09126984126984126,
      "specificity": 0.8828125,
      "precision": 0.6052631578947368,
      "f1": 0.1586206896323995,
      "tp": 506,
      "fp": 330,
      "fn": 5038,
      "tn": 2486
    },
    "top_20%": {
      "threshold": 6.58984375,
      "sensitivity": 0.18488455988455987,
      "specificity": 0.76953125,
      "precision": 0.6123058542413381,
      "f1": 0.2840121917072384,
      "tp": 1025,
      "fp": 649,
      "fn": 4519,
      "tn": 2167
    },
    "top_30%": {
      "threshold": 6.17578125,
      "sensitivity": 0.28589466089466087,
      "specificity": 0.6693892045454546,
      "precision": 0.6299682034976153,
      "f1": 0.39330024809601466,
      "tp": 1585,
      "fp": 931,
      "fn": 3959,
      "tn": 1885
    },
    "top_50%": {
      "threshold": 5.56640625,
      "sensitivity": 0.4879148629148629,
      "specificity": 0.4754971590909091,
      "precision": 0.6468197034911526,
      "f1": 0.556241003446765,
      "tp": 2705,
      "fp": 1477,
      "fn": 2839,
      "tn": 1339
    }
  }
}