{
  "train_loss": [
    11.716532730066291,
    1.8183411707737258,
    1.342060215634222,
    1.2377030115387602,
    1.1407848773256755,
    1.0584031043774675,
    0.9837133477502952,
    0.922450133109728,
    0.8714136844995322,
    0.8285810347185527,
    0.7885612406973946,
    0.7497694958182215,
    0.7162667895934474,
    0.6869082779117025,
    0.6616591471663883,
    0.6403273032226732,
    0.6203581442938342,
    0.6025052376582439,
    0.5853816653191859,
    0.5698590178278896,
    0.5565229914474527,
    0.5442355046388507,
    0.5321106062622953,
    0.5217019081472785,
    0.5106405847711865,
    0.5006337027132597,
    0.4911419985351472,
    0.4818030239518234,
    0.47315860241559193,
    0.46443443296739223,
    0.4566903073503025,
    0.44932641156373304,
    0.44177279689542964,
    0.4345323049352327,
    0.4285042391067644,
    0.4217043235587128,
    0.4156189967386241,
    0.4089847862092554,
    0.4033599200634837,
    0.3971633733033001,
    0.39203726891963053,
    0.38610676494272156,
    0.38082918559217027,
    0.37521705094496344,
    0.36976481374507847,
    0.3655835378732693,
    0.36096164721136026,
    0.3553926726401874,
    0.3513156832852804,
    0.3472791138118369,
    0.3425913425122034,
    0.33846468409337527,
    0.3341337841229605,
    0.33076485938842176,
    0.32634900779338494,
    0.3221977892043398,
    0.31894163326878755,
    0.31492576394611044,
    0.3116949211680626,
    0.30794612436938745,
    0.3047244357061741,
    0.3017205411036924,
    0.29793867119159906,
    0.2951384040564945,
    0.2922511578154106,
    0.28911502565438285,
    0.2868625048984306,
    0.28427518048184985,
    0.28106282108136876,
    0.2786105478709947,
    0.27627557399437414,
    0.2737520233372277,
    0.2716870670924623,
    0.2692732031595064,
    0.2672445798918768,
    0.26510729534681166,
    0.26305133318253426,
    0.26132314598491385,
    0.25976576461720086,
    0.25844694174744576,
    0.2564917190911922,
    0.25497218840589114,
    0.2532946834865126,
    0.2523383423701418,
    0.25119026712003606,
    0.24959616723495975,
    0.24861072524658684,
    0.24752805723222518,
    0.24671932407288333,
    0.24610290180932537,
    0.24522798629837375,
    0.24522466253911726,
    0.24414897108467076,
    0.24384558371671639,
    0.24315073069179632,
    0.242905865179633,
    0.2428859708489428,
    0.24245894588707056,
    0.24261480304198038,
    0.24248263963833497
  ],
  "val_loss": [
    3.423282582077395,
    1.3283889608312274,
    1.18439551489947,
    1.0891973513652844,
    1.011224642894525,
    0.934818752747043,
    0.8918684915982215,
    0.8333816363244252,
    0.7886343437721295,
    0.7685226802489128,
    0.7342542786580479,
    0.7038124967020241,
    0.6875812235153298,
    0.693245713927932,
    0.6489081905676973,
    0.6348356413464564,
    0.6199828088283539,
    0.6173127322391949,
    0.6057166408428916,
    0.5989952313412521,
    0.5957241672676292,
    0.5842904969772885,
    0.5787739680048258,
    0.5725457687138624,
    0.5655636393558581,
    0.5619782770544179,
    0.5577397953068014,
    0.5557554926460118,
    0.5498469410443395,
    0.5449153987005297,
    0.5484916324065964,
    0.5447220130370009,
    0.5347709645236735,
    0.533934995975193,
    0.5345344863084169,
    0.527880043677681,
    0.5267724483429721,
    0.5239180896472754,
    0.5231080958169633,
    0.520475196350906,
    0.5180499185859936,
    0.5216151208904153,
    0.5168042227792031,
    0.5158996916060997,
    0.5127348084985989,
    0.5123443663341848,
    0.5117741951712003,
    0.5068201377821677,
    0.5071235260334157,
    0.507169562146123,
    0.5056955073735084,
    0.5045787545828128,
    0.5010599110095474,
    0.49936714591146847,
    0.4986043477700989,
    0.5005215311692993,
    0.4971011534167045,
    0.4973254481877536,
    0.4958314947700855,
    0.4940111682539093,
    0.49469157239096756,
    0.49280323021695516,
    0.4942764670875436,
    0.49581196555196133,
    0.49117498326921993,
    0.4927921143384671,
    0.48964459357651635,
    0.4902441221320496,
    0.4889124794188042,
    0.4878420931699108,
    0.48999042587430947,
    0.4893479301251443,
    0.48751721749961596,
    0.4879306170355432,
    0.4872041045511522,
    0.4874034397664123,
    0.4861065937019192,
    0.48760478447804223,
    0.48555970684967964,
    0.4856535084961072,
    0.48606280866165585,
    0.48713705685945247,
    0.48682775135155504,
    0.48591132650366503,
    0.48541096495429825,
    0.48572804410439885,
    0.4851349699120539,
    0.48594696958268885,
    0.4852255149623275,
    0.48572007081987245,
    0.48561571283632937,
    0.48523948931561084,
    0.4849405771737648,
    0.4852233913529761,
    0.4852001234944425,
    0.4852793476506237,
    0.48509018721412106,
    0.48512582791117487,
    0.48513930398956995,
    0.4851318580067291
  ],
  "val_auc": [
    0.5004134566175712,
    0.777280323934843,
    0.7987025743457645,
    0.8209243294129038,
    0.8356782577765521,
    0.8491073814031327,
    0.8590349818505704,
    0.8663162494641403,
    0.8753326013783147,
    0.8795193232064881,
    0.8856526056603709,
    0.8902306279625521,
    0.8945146921691802,
    0.8960615464621171,
    0.8999979492198491,
    0.9022287628195799,
    0.9047744299009307,
    0.9056865583587426,
    0.9081195584914975,
    0.9089329306362276,
    0.910071282093748,
    0.9109635326540763,
    0.9126929229218896,
    0.9135541473067679,
    0.9144942120239494,
    0.9155267726247186,
    0.9157087604533352,
    0.9163471723505212,
    0.9167380785938567,
    0.9179137284716372,
    0.9183635161304837,
    0.9190614052726798,
    0.919724239005736,
    0.9199364787901333,
    0.9201802888874725,
    0.9211065889726858,
    0.9207340987979803,
    0.9214493306084608,
    0.9216543869973076,
    0.9225575434106398,
    0.9229547256965652,
    0.9228750552328302,
    0.9234066642703644,
    0.923626812509828,
    0.9237049755713482,
    0.9237895090924914,
    0.9237818340954068,
    0.9244849133260744,
    0.9243037455014759,
    0.9251253339324474,
    0.9253039177896686,
    0.9252830989921672,
    0.9252638073242384,
    0.9260821425345855,
    0.9260737291857548,
    0.9263348043078745,
    0.9261976054932802,
    0.926332102398327,
    0.9268011291891444,
    0.9267968425503591,
    0.9266818401779947,
    0.9272145918198673,
    0.9269406616341113,
    0.9268739664970487,
    0.9272656948542801,
    0.9274371784451375,
    0.9278699430821908,
    0.9276899827406739,
    0.9277756511651012,
    0.9280497590025703,
    0.9280376939826871,
    0.9282523484167657,
    0.9279694508282614,
    0.927848626142534,
    0.9281015664196965,
    0.9281037547849806,
    0.9281390718189713,
    0.9281768960207862,
    0.9283324328385308,
    0.9284555696338771,
    0.9283826188145456,
    0.9283447973555718,
    0.9284512068285025,
    0.9284469219831135,
    0.928540520277867,
    0.9285774137070776,
    0.9285528663334769,
    0.9286120994656221,
    0.9285703271549197,
    0.9285812343793443,
    0.9285080000979261,
    0.9286247233921419,
    0.9285873500712192,
    0.9286096469436336,
    0.9285955052764975,
    0.928625321964482,
    0.9286352339595345,
    0.9286479990368812,
    0.9286457413621104,
    0.9286451397304476
  ],