{
  "egfr": {
    "name": "egfr",
    "n_total": 205632,
    "n_actives": 4032,
    "baseline_rate": 0.0196078431372549,
    "roc_auc": 0.8625338696676588,
    "partial_auc_10": 0.4902613787123645,
    "partial_auc_5": 0.3819967541414714,
    "bedroc_20": 0.4665760583184818,
    "bedroc_80": 0.40518250188301774,
    "rie_20": 8.25303886481142,
    "average_precision": 0.26155191883913315,
    "ap_lift": 13.33914786079579,
    "best_f1": 0.3258575197391221,
    "ef_0.1%_ef": 39.80487804878049,
    "ef_0.1%_hits": 160,
    "ef_0.1%_hitrate": 0.7804878048780488,
    "ef_0.5%_ef": 27.285992217898833,
    "ef_0.5%_hits": 550,
    "ef_0.5%_hitrate": 0.5350194552529183,
    "ef_1%_ef": 22.30009727626459,
    "ef_1%_hits": 899,
    "ef_1%_hitrate": 0.4372568093385214,
    "ef_2%_ef": 16.3715953307393,
    "ef_2%_hits": 1320,
    "ef_2%_hitrate": 0.321011673151751,
    "ef_5%_ef": 9.762474467464255,
    "ef_5%_hits": 1968,
    "ef_5%_hitrate": 0.19142106798949518,
    "ef_10%_ef": 6.339347371492487,
    "ef_10%_hits": 2556,
    "ef_10%_hitrate": 0.12430092885279385,
    "ef_20%_ef": 3.8467636045324127,
    "ef_20%_hits": 3102,
    "ef_20%_hitrate": 0.0754267373437728,
    "auac": 0.8554211367948028,
    "recovery_0.1%": 3.968253968253968,
    "recovery_0.5%": 13.640873015873014,
    "recovery_1%": 22.296626984126984,
    "recovery_2%": 32.73809523809524,
    "recovery_5%": 48.80952380952381,
    "recovery_10%": 63.39285714285714,
    "recovery_20%": 76.93452380952381
  },
  "drd2": {
    "name": "drd2",
    "n_total": 164373,
    "n_actives": 3223,
    "baseline_rate": 0.0196078431372549,
    "roc_auc": 0.9085945522837571,
    "partial_auc_10": 0.5687147883815605,
    "partial_auc_5": 0.44977342015757243,
    "bedroc_20": 0.5375784421132871,
    "bedroc_80": 0.4623860767949553,
    "rie_20": 9.356898600612716,
    "average_precision": 0.3271162404175604,
    "ap_lift": 16.68292826129558,
    "best_f1": 0.3681400177489691,
    "ef_0.1%_ef": 44.15853658536585,
    "ef_0.1%_hits": 142,
    "ef_0.1%_hitrate": 0.8658536585365854,
    "ef_0.5%_ef": 30.99756394640682,
    "ef_0.5%_hits": 499,
    "ef_0.5%_hitrate": 0.607795371498173,
    "ef_1%_ef": 24.80158247108947,
    "ef_1%_hits": 799,
    "ef_1%_hitrate": 0.48630553864881315,
    "ef_2%_ef": 18.30848798296319,
    "ef_2%_hits": 1180,
    "ef_2%_hitrate": 0.3589899604502586,
    "ef_5%_ef": 11.269895351667072,
    "ef_5%_hits": 1816,
    "ef_5%_hitrate": 0.2209783402287661,
    "ef_10%_ef": 7.1518525278335465,
    "ef_10%_hits": 2305,
    "ef_10%_hitrate": 0.14023240250654012,
    "ef_20%_ef": 4.222850885198029,
    "ef_20%_hits": 2722,
    "ef_20%_hitrate": 0.08280099774898096,
    "auac": 0.9005789861268418,
    "recovery_0.1%": 4.405833074775054,
    "recovery_0.5%": 15.482469748681352,
    "recovery_1%": 24.790567793980763,
    "recovery_2%": 36.611852311511015,
    "recovery_5%": 56.34502016754577,
    "recovery_10%": 71.5172199813838,
    "recovery_20%": 84.45547626434998
  },
  "adrb2": {
    "name": "adrb2",
    "n_total": 15702,
    "n_actives": 447,
    "baseline_rate": 0.0284677111196026,
    "roc_auc": 0.7353388370849913,
    "partial_auc_10": 0.1925682487936254,
    "partial_auc_5": 0.11674758046835418,
    "bedroc_20": 0.1677684804470094,
    "bedroc_80": 0.11530673283366599,
    "rie_20": 3.3916629597584556,
    "average_precision": 0.08441187058946831,
    "ap_lift": 2.9651794004381014,
    "best_f1": 0.15410958899384747,
    "ef_0.1%_ef": 14.051006711409396,
    "ef_0.1%_hits": 6,
    "ef_0.1%_hitrate": 0.4,
    "ef_0.5%_ef": 5.404233350542076,
    "ef_0.5%_hits": 12,
    "ef_0.5%_hitrate": 0.15384615384615385,
    "ef_1%_ef": 5.369811482067285,
    "ef_1%_hits": 24,
    "ef_1%_hitrate": 0.15286624203821655,
    "ef_2%_ef": 4.139229684093532,
    "ef_2%_hits": 37,
    "ef_2%_hitrate": 0.1178343949044586,
    "ef_5%_ef": 4.161603898602146,
    "ef_5%_hits": 93,
    "ef_5%_hitrate": 0.11847133757961784,
    "ef_10%_ef": 3.065267387680075,
    "ef_10%_hits": 137,
    "ef_10%_hitrate": 0.08726114649681528,
    "ef_20%_ef": 2.6960928482879494,
    "ef_20%_hits": 241,
    "ef_20%_hitrate": 0.0767515923566879,
    "auac": 0.7286326539858557,
    "recovery_0.1%": 1.342281879194631,
    "recovery_0.5%": 2.684563758389262,
    "recovery_1%": 5.369127516778524,
    "recovery_2%": 8.277404921700224,
    "recovery_5%": 20.80536912751678,
    "recovery_10%": 30.648769574944073,
    "recovery_20%": 53.914988814317674
  },
  "bace1": {
    "name": "bace1",
    "n_total": 18706,
    "n_actives": 485,
    "baseline_rate": 0.025927509889874908,
    "roc_auc": 0.7926212362873472,
    "partial_auc_10": 0.1832348196852278,
    "partial_auc_5": 0.10157646354580108,
    "bedroc_20": 0.15842306913294377,
    "bedroc_80": 0.09454969976127525,
    "rie_20": 3.3147515937647367,
    "average_precision": 0.07538635959273327,
    "ap_lift": 2.907581943384883,
    "best_f1": 0.13713910758478828,
    "ef_0.1%_ef": 0.0,
    "ef_0.1%_hits": 0,
    "ef_0.1%_hitrate": 0.0,
    "ef_0.5%_ef": 5.806096885046004,
    "ef_0.5%_hits": 14,
    "ef_0.5%_hitrate": 0.15053763440860216,
    "ef_1%_ef": 4.5375379017586415,
    "ef_1%_hits": 22,
    "ef_1%_hitrate": 0.11764705882352941,
    "ef_2%_ef": 4.228160317547824,
    "ef_2%_hits": 41,
    "ef_2%_hitrate": 0.10962566844919786,
    "ef_5%_ef": 3.4650289431611445,
    "ef_5%_hits": 84,
    "ef_5%_hitrate": 0.08983957219251337,
    "ef_10%_ef": 3.155651358950328,
    "ef_10%_hits": 153,
    "ef_10%_hitrate": 0.08181818181818182,
    "ef_20%_ef": 2.752724476888863,
    "ef_20%_hits": 267,
    "ef_20%_hitrate": 0.07137129109863673,
    "auac": 0.7849888287676595,
    "recovery_0.1%": 0.0,
    "recovery_0.5%": 2.88659793814433,
    "recovery_1%": 4.536082474226804,
    "recovery_2%": 8.45360824742268,
    "recovery_5%": 17.31958762886598,
    "recovery_10%": 31.546391752577318,
    "recovery_20%": 55.05154639175258
  },
  "esr1": {
    "name": "esr1",
    "n_total": 21445,
    "n_actives": 627,
    "baseline_rate": 0.029237584518535788,
    "roc_auc": 0.7628405319712438,
    "partial_auc_10": 0.3133015947584312,
    "partial_auc_5": 0.23287340439501272,
    "bedroc_20": 0.30741721324984733,
    "bedroc_80": 0.28782057662100546,
    "rie_20": 5.349766032416615,
    "average_precision": 0.15321315950787195,
    "ap_lift": 5.240281029738938,
    "best_f1": 0.25601374565476626,
    "ef_0.1%_ef": 9.77215766689451,
    "ef_0.1%_hits": 6,
    "ef_0.1%_hitrate": 0.2857142857142857,
    "ef_0.5%_ef": 15.02355080564623,
    "ef_0.5%_hits": 47,
    "ef_0.5%_hitrate": 0.4392523364485981,
    "ef_1%_ef": 11.187750599949322,
    "ef_1%_hits": 70,
    "ef_1%_hitrate": 0.32710280373831774,
    "ef_2%_ef": 10.068975539954389,
    "ef_2%_hits": 126,
    "ef_2%_hitrate": 0.29439252336448596,
    "ef_5%_ef": 6.221546275798044,
    "ef_5%_hits": 195,
    "ef_5%_hitrate": 0.18190298507462688,
    "ef_10%_ef": 4.259366296507892,
    "ef_10%_hits": 267,
    "ef_10%_hitrate": 0.12453358208955224,
    "ef_20%_ef": 3.0303030303030303,
    "ef_20%_hits": 380,
    "ef_20%_hitrate": 0.08859874096525996,
    "auac": 0.7551646714658582,
    "recovery_0.1%": 0.9569377990430622,
    "recovery_0.5%": 7.496012759170653,
    "recovery_1%": 11.164274322169058,
    "recovery_2%": 20.095693779904305,
    "recovery_5%": 31.100478468899524,
    "recovery_10%": 42.58373205741627,
    "recovery_20%": 60.60606060606061
  },
  "hdac2": {
    "name": "hdac2",
    "n_total": 10604,
    "n_actives": 238,
    "baseline_rate": 0.022444360618634477,
    "roc_auc": 0.8843895362505412,
    "partial_auc_10": 0.5497975767578881,
    "partial_auc_5": 0.4429477752899347,
    "bedroc_20": 0.528271508737255,
    "bedroc_80": 0.4750177580050676,
    "rie_20": 8.991727534180296,
    "average_precision": 0.3147213112891311,
    "ap_lift": 14.022289012226665,
    "best_f1": 0.3887468030214166,
    "ef_0.1%_ef": 22.277310924369747,
    "ef_0.1%_hits": 5,
    "ef_0.1%_hitrate": 0.5,
    "ef_0.5%_ef": 30.263516727445694,
    "ef_0.5%_hits": 36,