{
  "egfr": {
    "name": "egfr",
    "n_total": 205632,
    "n_actives": 4032,
    "baseline_rate": 0.0196078431372549,
    "roc_auc": 0.895109009496449,
    "partial_auc_10": 0.5276174286265432,
    "partial_auc_5": 0.4047731737370875,
    "bedroc_20": 0.49699420768886465,
    "bedroc_80": 0.4186759877030699,
    "rie_20": 8.725899601819432,
    "average_precision": 0.2845492782431385,
    "ap_lift": 14.512013190400065,
    "best_f1": 0.3288527664408038,
    "ef_0.1%_ef": 40.05365853658537,
    "ef_0.1%_hits": 161,
    "ef_0.1%_hitrate": 0.7853658536585366,
    "ef_0.5%_ef": 29.02237354085603,
    "ef_0.5%_hits": 585,
    "ef_0.5%_hitrate": 0.5690661478599222,
    "ef_1%_ef": 22.548151750972764,
    "ef_1%_hits": 909,
    "ef_1%_hitrate": 0.44212062256809337,
    "ef_2%_ef": 16.570038910505836,
    "ef_2%_hits": 1336,
    "ef_2%_hitrate": 0.32490272373540857,
    "ef_5%_ef": 10.432156405018967,
    "ef_5%_hits": 2103,
    "ef_5%_hitrate": 0.2045520863729209,
    "ef_10%_ef": 6.830423576326411,
    "ef_10%_hits": 2754,
    "ef_10%_hitrate": 0.1339298740456159,
    "ef_20%_ef": 4.1109030783446,
    "ef_20%_hits": 3315,
    "ef_20%_hitrate": 0.08060594271263921,
    "auac": 0.8873685222304585,
    "recovery_0.1%": 3.9930555555555554,
    "recovery_0.5%": 14.508928571428573,
    "recovery_1%": 22.544642857142858,
    "recovery_2%": 33.13492063492063,
    "recovery_5%": 52.157738095238095,
    "recovery_10%": 68.30357142857143,
    "recovery_20%": 82.21726190476191
  },
  "drd2": {
    "name": "drd2",
    "n_total": 164373,
    "n_actives": 3223,
    "baseline_rate": 0.0196078431372549,
    "roc_auc": 0.9253393345167168,
    "partial_auc_10": 0.6132648628010992,
    "partial_auc_5": 0.48259899733618383,
    "bedroc_20": 0.5776073878496846,
    "bedroc_80": 0.48486879575111136,
    "rie_20": 9.979171090734775,
    "average_precision": 0.3540571387089914,
    "ap_lift": 18.056914074158563,
    "best_f1": 0.3912320483249382,
    "ef_0.1%_ef": 44.46951219512195,
    "ef_0.1%_hits": 143,
    "ef_0.1%_hitrate": 0.8719512195121951,
    "ef_0.5%_ef": 31.867235079171742,
    "ef_0.5%_hits": 513,
    "ef_0.5%_hitrate": 0.6248477466504263,
    "ef_1%_ef": 25.236153377967135,
    "ef_1%_hits": 813,
    "ef_1%_hitrate": 0.49482653682288497,
    "ef_2%_ef": 19.642835412229996,
    "ef_2%_hits": 1266,
    "ef_2%_hitrate": 0.3851536355339215,
    "ef_5%_ef": 12.256631783889024,
    "ef_5%_hits": 1975,
    "ef_5%_hitrate": 0.2403261134095887,
    "ef_10%_ef": 7.6544989961671845,
    "ef_10%_hits": 2467,
    "ef_10%_hitrate": 0.15008821561112126,
    "ef_20%_ef": 4.374885928089068,
    "ef_20%_hits": 2820,
    "ef_20%_hitrate": 0.08578207702135426,
    "auac": 0.9170017929469529,
    "recovery_0.1%": 4.436860068259386,
    "recovery_0.5%": 15.916847657461991,
    "recovery_1%": 25.224945702761403,
    "recovery_2%": 39.28017375116351,
    "recovery_5%": 61.27831213155446,
    "recovery_10%": 76.54359292584549,
    "recovery_20%": 87.49612162581445
  },
  "adrb2": {
    "name": "adrb2",
    "n_total": 15702,
    "n_actives": 447,
    "baseline_rate": 0.0284677111196026,
    "roc_auc": 0.7596370280914241,
    "partial_auc_10": 0.22364325482458167,
    "partial_auc_5": 0.127048233718068,
    "bedroc_20": 0.196017916582561,
    "bedroc_80": 0.13737537055812674,
    "rie_20": 3.794486642846721,
    "average_precision": 0.09443928912677044,
    "ap_lift": 3.3174177133524596,
    "best_f1": 0.16941852113373124,
    "ef_0.1%_ef": 14.051006711409396,
    "ef_0.1%_hits": 6,
    "ef_0.1%_hitrate": 0.4,
    "ef_0.5%_ef": 7.655997246601274,
    "ef_0.5%_hits": 17,
    "ef_0.5%_hitrate": 0.21794871794871795,
    "ef_1%_ef": 5.369811482067285,
    "ef_1%_hits": 24,
    "ef_1%_hitrate": 0.15286624203821655,
    "ef_2%_ef": 4.922327191895011,
    "ef_2%_hits": 44,
    "ef_2%_hitrate": 0.14012738853503184,
    "ef_5%_ef": 4.251100756636601,
    "ef_5%_hits": 95,
    "ef_5%_hitrate": 0.12101910828025478,
    "ef_10%_ef": 3.669371179412645,
    "ef_10%_hits": 164,
    "ef_10%_hitrate": 0.10445859872611465,
    "ef_20%_ef": 2.6849057410336425,
    "ef_20%_hits": 240,
    "ef_20%_hitrate": 0.07643312101910828,
    "auac": 0.7522791664778878,
    "recovery_0.1%": 1.342281879194631,
    "recovery_0.5%": 3.803131991051454,
    "recovery_1%": 5.369127516778524,
    "recovery_2%": 9.843400447427292,
    "recovery_5%": 21.252796420581653,
    "recovery_10%": 36.68903803131991,
    "recovery_20%": 53.691275167785236
  },
  "bace1": {
    "name": "bace1",
    "n_total": 18706,
    "n_actives": 485,
    "baseline_rate": 0.025927509889874908,
    "roc_auc": 0.7706866496514446,
    "partial_auc_10": 0.14741289222755888,
    "partial_auc_5": 0.07918019142973695,
    "bedroc_20": 0.12030950475373056,
    "bedroc_80": 0.05237534565447942,
    "rie_20": 2.7577379858929287,
    "average_precision": 0.0632951982753201,
    "ap_lift": 2.4412370699755415,
    "best_f1": 0.12355658196206151,
    "ef_0.1%_ef": 0.0,
    "ef_0.1%_hits": 0,
    "ef_0.1%_hitrate": 0.0,
    "ef_0.5%_ef": 2.488327236448287,
    "ef_0.5%_hits": 6,
    "ef_0.5%_hitrate": 0.06451612903225806,
    "ef_1%_ef": 2.06251722807211,
    "ef_1%_hits": 10,
    "ef_1%_hitrate": 0.053475935828877004,
    "ef_2%_ef": 3.19690170351177,
    "ef_2%_hits": 31,
    "ef_2%_hitrate": 0.08288770053475936,
    "ef_5%_ef": 3.1350261866696068,
    "ef_5%_hits": 76,
    "ef_5%_hitrate": 0.08128342245989305,
    "ef_10%_ef": 2.557521362809416,
    "ef_10%_hits": 124,
    "ef_10%_hitrate": 0.06631016042780749,
    "ef_20%_ef": 2.5465278868597347,
    "ef_20%_hits": 247,
    "ef_20%_hitrate": 0.06602512697139802,
    "auac": 0.7636726625009231,
    "recovery_0.1%": 0.0,
    "recovery_0.5%": 1.2371134020618557,
    "recovery_1%": 2.0618556701030926,
    "recovery_2%": 6.391752577319587,
    "recovery_5%": 15.670103092783505,
    "recovery_10%": 25.56701030927835,
    "recovery_20%": 50.92783505154639
  },
  "esr1": {
    "name": "esr1",
    "n_total": 21445,
    "n_actives": 627,
    "baseline_rate": 0.029237584518535788,
    "roc_auc": 0.8081592837017039,
    "partial_auc_10": 0.3430226081802905,
    "partial_auc_5": 0.22920754843028582,
    "bedroc_20": 0.3231877357285532,
    "bedroc_80": 0.2454219726819395,
    "rie_20": 5.572933222900669,
    "average_precision": 0.14956655287627688,
    "ap_lift": 5.115557777403122,
    "best_f1": 0.2534043812440211,
    "ef_0.1%_ef": 3.257385888964836,
    "ef_0.1%_hits": 2,
    "ef_0.1%_hitrate": 0.09523809523809523,
    "ef_0.5%_ef": 8.310900445676639,
    "ef_0.5%_hits": 26,
    "ef_0.5%_hitrate": 0.24299065420560748,
    "ef_1%_ef": 10.068975539954389,
    "ef_1%_hits": 63,
    "ef_1%_hitrate": 0.29439252336448596,
    "ef_2%_ef": 8.950200479959456,
    "ef_2%_hits": 112,
    "ef_2%_hitrate": 0.2616822429906542,
    "ef_5%_ef": 6.827748220619391,
    "ef_5%_hits": 214,
    "ef_5%_hitrate": 0.19962686567164178,
    "ef_10%_ef": 4.929378972363065,
    "ef_10%_hits": 309,
    "ef_10%_hitrate": 0.14412313432835822,
    "ef_20%_ef": 3.349282296650718,
    "ef_20%_hits": 420,
    "ef_20%_hitrate": 0.09792492422476101,
    "auac": 0.7991595651202233,
    "recovery_0.1%": 0.3189792663476874,
    "recovery_0.5%": 4.146730462519936,
    "recovery_1%": 10.047846889952153,
    "recovery_2%": 17.862838915470494,
    "recovery_5%": 34.13078149920255,
    "recovery_10%": 49.282296650717704,
    "recovery_20%": 66.98564593301435
  },
  "hdac2": {
    "name": "hdac2",
    "n_total": 10604,
    "n_actives": 238,
    "baseline_rate": 0.022444360618634477,
    "roc_auc": 0.9094318124703095,
    "partial_auc_10": 0.5483708050073203,
    "partial_auc_5": 0.40930109261532127,
    "bedroc_20": 0.5178014145619315,
    "bedroc_80": 0.439734255660703,
    "rie_20": 8.833316548276366,
    "average_precision": 0.3087755932261978,
    "ap_lift": 13.757379792313452,
    "best_f1": 0.37802197797208453,
    "ef_0.1%_ef": 31.188235294117646,
    "ef_0.1%_hits": 7,
    "ef_0.1%_hitrate": 0.7,
    "ef_0.5%_ef": 26.06025051530046,
    "ef_0.5%_hits": 31,