threshold,percentage,n_selected,hits,hit_rate,enrichment_factor,max_possible_ef,normalized_ef
EF_0.1%,0.1,693,177,0.2554112554112554,17.19609544577982,67.32708555890065,0.2554112554112554
EF_0.5%,0.5,3466,539,0.15551067512983266,10.470080529788648,67.32708555890065,0.1555106751298327
EF_1%,1.0,6932,798,0.11511829197922678,7.750579093479908,67.32708555890065,0.1151182919792268
EF_2%,2.0,13865,1327,0.09570861882437794,6.443782368313103,50.001226108907325,0.12887248713217442
EF_5%,5.0,34663,2188,0.0631220609872198,4.2498244007406925,20.000201944436434,0.21248907448771484
EF_10%,10.0,69326,3428,0.049447537720335805,3.329158602774016,10.000100972218217,0.33291249878605417
EF_20%,20.0,138653,5055,0.03645792013155143,2.4546055079965297,5.000014424498569,0.4909196853452462
