{
  "egfr": {
    "name": "egfr",
    "n_total": 205632,
    "n_actives": 4032,
    "baseline_rate": 0.0196078431372549,
    "roc_auc": 0.8320339958900227,
    "partial_auc_10": 0.41630647159037226,
    "partial_auc_5": 0.30612455268565764,
    "bedroc_20": 0.38687935465205137,
    "bedroc_80": 0.3156306895020889,
    "rie_20": 7.014125820696044,
    "average_precision": 0.18703062906311668,
    "ap_lift": 9.53856208221895,
    "best_f1": 0.2615297449928647,
    "ef_0.1%_ef": 33.08780487804878,
    "ef_0.1%_hits": 133,
    "ef_0.1%_hitrate": 0.6487804878048781,
    "ef_0.5%_ef": 20.78696498054475,
    "ef_0.5%_hits": 419,
    "ef_0.5%_hitrate": 0.4075875486381323,
    "ef_1%_ef": 16.917315175097276,
    "ef_1%_hits": 682,
    "ef_1%_hitrate": 0.3317120622568093,
    "ef_2%_ef": 13.047665369649804,
    "ef_2%_hits": 1052,
    "ef_2%_hitrate": 0.25583657587548636,
    "ef_5%_ef": 8.318937846512986,
    "ef_5%_hits": 1677,
    "ef_5%_hitrate": 0.16311642836299972,
    "ef_10%_ef": 5.627534892768565,
    "ef_10%_hits": 2269,
    "ef_10%_hitrate": 0.1103438214268346,
    "ef_20%_ef": 3.5615425764723043,
    "ef_20%_hits": 2872,
    "ef_20%_hitrate": 0.06983416816612362,
    "auac": 0.8255190633593329,
    "recovery_0.1%": 3.298611111111111,
    "recovery_0.5%": 10.391865079365079,
    "recovery_1%": 16.91468253968254,
    "recovery_2%": 26.091269841269842,
    "recovery_5%": 41.592261904761905,
    "recovery_10%": 56.274801587301596,
    "recovery_20%": 71.23015873015873
  },
  "drd2": {
    "name": "drd2",
    "n_total": 164373,
    "n_actives": 3223,
    "baseline_rate": 0.0196078431372549,
    "roc_auc": 0.9091201599502644,
    "partial_auc_10": 0.5517304311654645,
    "partial_auc_5": 0.42843919012519494,
    "bedroc_20": 0.5217709579876482,
    "bedroc_80": 0.44026614775636136,
    "rie_20": 9.111162363285786,
    "average_precision": 0.309297479297123,
    "ap_lift": 15.774171444153271,
    "best_f1": 0.35460583304293436,
    "ef_0.1%_ef": 44.46951219512195,
    "ef_0.1%_hits": 143,
    "ef_0.1%_hitrate": 0.8719512195121951,
    "ef_0.5%_ef": 29.630937880633375,
    "ef_0.5%_hits": 477,
    "ef_0.5%_hitrate": 0.5809987819732034,
    "ef_1%_ef": 23.559951308581862,
    "ef_1%_hits": 759,
    "ef_1%_hitrate": 0.4619598295800365,
    "ef_2%_ef": 17.579251597201097,
    "ef_2%_hits": 1133,
    "ef_2%_hitrate": 0.3446912077882568,
    "ef_5%_ef": 10.86651253346313,
    "ef_5%_hits": 1751,
    "ef_5%_hitrate": 0.2130688732051594,
    "ef_10%_ef": 7.068078116444607,
    "ef_10%_hits": 2278,
    "ef_10%_hitrate": 0.13858976698910994,
    "ef_20%_ef": 4.235261909107502,
    "ef_20%_hits": 2730,
    "ef_20%_hitrate": 0.08304435115897062,
    "auac": 0.9010968246906575,
    "recovery_0.1%": 4.436860068259386,
    "recovery_0.5%": 14.799875892026062,
    "recovery_1%": 23.549488054607508,
    "recovery_2%": 35.153583617747444,
    "recovery_5%": 54.32826559106423,
    "recovery_10%": 70.67949115730686,
    "recovery_20%": 84.70369221222464
  },
  "adrb2": {
    "name": "adrb2",
    "n_total": 15702,
    "n_actives": 447,
    "baseline_rate": 0.0284677111196026,
    "roc_auc": 0.7187827807217642,
    "partial_auc_10": 0.181987495206398,
    "partial_auc_5": 0.1055494329434659,
    "bedroc_20": 0.15397070956320835,
    "bedroc_80": 0.10764759613376228,
    "rie_20": 3.1949132314045503,
    "average_precision": 0.07687483652722917,
    "ap_lift": 2.700422109956493,
    "best_f1": 0.14115308147637262,
    "ef_0.1%_ef": 9.367337807606264,
    "ef_0.1%_hits": 4,
    "ef_0.1%_hitrate": 0.26666666666666666,
    "ef_0.5%_ef": 6.755291688177595,
    "ef_0.5%_hits": 15,
    "ef_0.5%_hitrate": 0.19230769230769232,
    "ef_1%_ef": 3.803616466464327,
    "ef_1%_hits": 17,
    "ef_1%_hitrate": 0.10828025477707007,
    "ef_2%_ef": 4.586713974265806,
    "ef_2%_hits": 41,
    "ef_2%_hitrate": 0.1305732484076433,
    "ef_5%_ef": 3.445629034326508,
    "ef_5%_hits": 77,
    "ef_5%_hitrate": 0.0980891719745223,
    "ef_10%_ef": 3.1771384602231434,
    "ef_10%_hits": 142,
    "ef_10%_hitrate": 0.09044585987261146,
    "ef_20%_ef": 2.360479630658744,
    "ef_20%_hits": 211,
    "ef_20%_hitrate": 0.06719745222929936,
    "auac": 0.7125553193326376,
    "recovery_0.1%": 0.8948545861297539,
    "recovery_0.5%": 3.3557046979865772,
    "recovery_1%": 3.803131991051454,
    "recovery_2%": 9.172259507829978,
    "recovery_5%": 17.225950782997764,
    "recovery_10%": 31.767337807606268,
    "recovery_20%": 47.20357941834452
  },
  "bace1": {
    "name": "bace1",
    "n_total": 18706,
    "n_actives": 485,
    "baseline_rate": 0.025927509889874908,
    "roc_auc": 0.7663801878086745,
    "partial_auc_10": 0.13611234799316752,
    "partial_auc_5": 0.06853087267042615,
    "bedroc_20": 0.10672680059712722,
    "bedroc_80": 0.05384708312031756,
    "rie_20": 2.5592325149364696,
    "average_precision": 0.060796934767574626,
    "ap_lift": 2.3448813644582494,
    "best_f1": 0.11625307398021854,
    "ef_0.1%_ef": 4.28545246277205,
    "ef_0.1%_hits": 2,
    "ef_0.1%_hitrate": 0.1111111111111111,
    "ef_0.5%_ef": 2.488327236448287,
    "ef_0.5%_hits": 6,
    "ef_0.5%_hitrate": 0.06451612903225806,
    "ef_1%_ef": 3.0937758421081645,
    "ef_1%_hits": 15,
    "ef_1%_hitrate": 0.08021390374331551,
    "ef_2%_ef": 2.9906499807045592,
    "ef_2%_hits": 29,
    "ef_2%_hitrate": 0.07754010695187166,
    "ef_5%_ef": 2.516271018247974,
    "ef_5%_hits": 61,
    "ef_5%_hitrate": 0.06524064171122995,
    "ef_10%_ef": 2.4337703291250894,
    "ef_10%_hits": 118,
    "ef_10%_hitrate": 0.06310160427807486,
    "ef_20%_ef": 2.4743590803495397,
    "ef_20%_hits": 240,
    "ef_20%_hitrate": 0.06415396952686447,
    "auac": 0.7594654011447896,
    "recovery_0.1%": 0.4123711340206186,
    "recovery_0.5%": 1.2371134020618557,
    "recovery_1%": 3.0927835051546393,
    "recovery_2%": 5.979381443298969,
    "recovery_5%": 12.577319587628866,
    "recovery_10%": 24.329896907216494,
    "recovery_20%": 49.48453608247423
  },
  "esr1": {
    "name": "esr1",
    "n_total": 21445,
    "n_actives": 627,
    "baseline_rate": 0.029237584518535788,
    "roc_auc": 0.7817271214963495,
    "partial_auc_10": 0.36440715103158033,
    "partial_auc_5": 0.2680962662203592,
    "bedroc_20": 0.3533117232658924,
    "bedroc_80": 0.3393838426216491,
    "rie_20": 5.999214956683553,
    "average_precision": 0.1889164820045211,
    "ap_lift": 6.461425768081268,
    "best_f1": 0.28301886787572933,
    "ef_0.1%_ef": 14.658236500341763,
    "ef_0.1%_hits": 9,
    "ef_0.1%_hitrate": 0.42857142857142855,
    "ef_0.5%_ef": 18.22005097706032,
    "ef_0.5%_hits": 57,
    "ef_0.5%_hitrate": 0.5327102803738317,
    "ef_1%_ef": 14.703900788504823,
    "ef_1%_hits": 92,
    "ef_1%_hitrate": 0.42990654205607476,
    "ef_2%_ef": 10.868100582807912,
    "ef_2%_hits": 136,
    "ef_2%_hitrate": 0.3177570093457944,
    "ef_5%_ef": 7.146801875788522,
    "ef_5%_hits": 224,
    "ef_5%_hitrate": 0.208955223880597,
    "ef_10%_ef": 4.8496155585707825,
    "ef_10%_hits": 304,
    "ef_10%_hitrate": 0.1417910447761194,
    "ef_20%_ef": 3.1100478468899526,
    "ef_20%_hits": 390,
    "ef_20%_hitrate": 0.09093028678013523,
    "auac": 0.7734718055870086,
    "recovery_0.1%": 1.4354066985645932,
    "recovery_0.5%": 9.090909090909092,
    "recovery_1%": 14.673046251993622,
    "recovery_2%": 21.690590111642745,
    "recovery_5%": 35.72567783094099,
    "recovery_10%": 48.484848484848484,
    "recovery_20%": 62.20095693779905
  },
  "hdac2": {
    "name": "hdac2",
    "n_total": 10604,
    "n_actives": 238,
    "baseline_rate": 0.022444360618634477,
    "roc_auc": 0.8342265518980116,
    "partial_auc_10": 0.3953738547319372,
    "partial_auc_5": 0.29211530261342433,
    "bedroc_20": 0.37548773894379145,
    "bedroc_80": 0.3184537582433388,
    "rie_20": 6.6801315544475175,
    "average_precision": 0.18617701125526046,
    "ap_lift": 8.295046333406647,
    "best_f1": 0.26783114988193635,
    "ef_0.1%_ef": 17.8218487394958,
    "ef_0.1%_hits": 4,