{
  "checkpoint": "results/v3/best_model.pt",
  "config": {
    "n_programs": 5123,
    "n_assays": 100,
    "n_rounds": 20,
    "use_l1": true,
    "use_l2": false,
    "use_l3": false
  },
  "timestamp": "2026-01-31T17:54:47.586016",
  "program_id_mapping": {
    "egfr": 1606,
    "drd2": 1448,
    "adrb2": 580,
    "bace1": 516,
    "esr1": 1628,
    "hdac2": 2177,
    "jak2": 4780,
    "pparg": 3307,
    "cyp3a4": 810,
    "fxa": 1103
  },
  "results": {
    "film": {
      "egfr": 0.9625710603613551,
      "drd2": 0.9856986594471226,
      "adrb2": 0.7763701635947285,
      "bace1": 0.6574798988591954,
      "esr1": 0.9091292914072795,
      "hdac2": 0.9252677629029616,
      "jak2": 0.9046069009293145,
      "pparg": 0.8352594213886037,
      "cyp3a4": 0.6831756982207433,
      "fxa": 0.8502610781466986
    },
    "no_context": {
      "egfr": 0.766490428998567,
      "drd2": 0.7881206142362782,
      "adrb2": 0.720895851801991,
      "bace1": 0.4953328463758539,
      "esr1": 0.7466576357136651,
      "hdac2": 0.7580634897215688,
      "jak2": 0.7661955626965,
      "pparg": 0.7604819134342663,
      "cyp3a4": 0.6981168555943331,
      "fxa": 0.7424007574801161
    },
    "additive": {
      "egfr": 0.8390229552469136,
      "drd2": 0.8960800084407283,
      "adrb2": 0.6861030637257599,
      "bace1": 0.5762433965114457,
      "esr1": 0.8241179383624433,
      "hdac2": 0.7614593686210738,
      "jak2": 0.7850808811131939,
      "pparg": 0.7670374038600258,
      "cyp3a4": 0.6997212527843159,
      "fxa": 0.7973715944956444
    }
  },
  "summary": {
    "film_mean": 0.8489819935258005,
    "film_std": 0.10665480389308533,
    "film_median": 0.8774339895380066,
    "no_context_mean": 0.7242755956053138,
    "no_context_std": 0.08000502698403271,
    "no_context_median": 0.7523605627176169,
    "additive_mean": 0.7632237863161545,
    "additive_std": 0.085853184888853,
    "additive_median": 0.7760591424866099,
    "film_vs_no_context_mean_delta": 0.12470639792048636,
    "film_vs_no_context_wins": 9,
    "film_vs_no_context_total": 10,
    "film_vs_additive_mean_delta": 0.08575820720964583,
    "film_vs_additive_wins": 9,
    "film_vs_additive_total": 10
  }
}